block,caseId,family,aCorrect,bCorrect,aValid,bValid,agreement,qualifiedAgreement
qingye-R3-formal-03-1-r3,qingye-R3-formal-03-1,conditional_branch,True,True,True,True,True,True
library-R3-formal-06-2-r2,library-R3-formal-06-2,constraint_composition,True,True,True,True,True,True
library-R3-formal-06-1-r4,library-R3-formal-06-1,constraint_composition,True,False,True,True,False,False
library-R3-formal-05-2-r3,library-R3-formal-05-2,long_business_list,True,True,True,True,True,True
qingye-R3-formal-02-2-r6,qingye-R3-formal-02-2,reference_binding,True,True,True,True,True,True
library-R3-formal-06-2-r3,library-R3-formal-06-2,constraint_composition,True,True,True,True,True,True
library-R3-formal-03-2-r7,library-R3-formal-03-2,conditional_branch,False,False,True,True,False,False
qingye-R3-formal-01-2-r6,qingye-R3-formal-01-2,nested_negation,True,True,True,True,True,True
library-R3-formal-03-2-r2,library-R3-formal-03-2,conditional_branch,False,False,True,True,False,False
qingye-R3-formal-05-2-r2,qingye-R3-formal-05-2,long_business_list,True,True,True,True,True,True
library-R3-formal-04-1-r3,library-R3-formal-04-1,cancel_retained,True,False,True,True,False,False
library-R3-formal-03-2-r3,library-R3-formal-03-2,conditional_branch,False,False,True,True,False,False
qingye-R3-formal-06-2-r4,qingye-R3-formal-06-2,constraint_composition,True,False,True,True,False,False
library-R3-formal-02-1-r0,library-R3-formal-02-1,reference_binding,True,True,True,True,True,True
library-R3-formal-06-2-r4,library-R3-formal-06-2,constraint_composition,True,True,True,True,True,True
library-R3-formal-05-2-r6,library-R3-formal-05-2,long_business_list,True,True,True,True,True,True
qingye-R3-formal-06-2-r5,qingye-R3-formal-06-2,constraint_composition,True,False,True,True,False,False
library-R3-formal-05-1-r5,library-R3-formal-05-1,long_business_list,True,True,True,True,True,True
library-R3-formal-03-1-r7,library-R3-formal-03-1,conditional_branch,True,False,True,True,False,False
qingye-R3-formal-03-2-r7,qingye-R3-formal-03-2,conditional_branch,False,False,True,True,True,True
qingye-R3-formal-01-2-r7,qingye-R3-formal-01-2,nested_negation,True,True,True,True,True,True
qingye-R3-formal-02-2-r7,qingye-R3-formal-02-2,reference_binding,True,True,True,True,True,True
qingye-R3-formal-06-1-r2,qingye-R3-formal-06-1,constraint_composition,True,True,True,True,True,True
qingye-R3-formal-02-1-r5,qingye-R3-formal-02-1,reference_binding,True,True,True,True,True,True
library-R3-formal-01-2-r6,library-R3-formal-01-2,nested_negation,True,True,True,True,True,True
qingye-R3-formal-04-1-r6,qingye-R3-formal-04-1,cancel_retained,True,False,True,True,False,False
qingye-R3-formal-02-2-r1,qingye-R3-formal-02-2,reference_binding,True,True,True,True,True,True
qingye-R3-formal-03-1-r7,qingye-R3-formal-03-1,conditional_branch,True,True,True,True,True,True
library-R3-formal-06-2-r5,library-R3-formal-06-2,constraint_composition,True,True,True,True,True,True
qingye-R3-formal-05-2-r7,qingye-R3-formal-05-2,long_business_list,True,True,True,True,True,True
library-R3-formal-04-1-r0,library-R3-formal-04-1,cancel_retained,True,False,True,True,False,False
qingye-R3-formal-01-2-r3,qingye-R3-formal-01-2,nested_negation,True,True,True,True,True,True
library-R3-formal-06-1-r0,library-R3-formal-06-1,constraint_composition,True,False,True,True,False,False
qingye-R3-formal-06-1-r6,qingye-R3-formal-06-1,constraint_composition,True,True,True,True,True,True
library-R3-formal-04-2-r5,library-R3-formal-04-2,cancel_retained,True,True,True,True,True,True
qingye-R3-formal-04-2-r6,qingye-R3-formal-04-2,cancel_retained,True,True,True,True,True,True
library-R3-formal-04-2-r2,library-R3-formal-04-2,cancel_retained,True,True,True,True,True,True
library-R3-formal-04-2-r7,library-R3-formal-04-2,cancel_retained,True,True,True,True,True,True
library-R3-formal-03-1-r3,library-R3-formal-03-1,conditional_branch,True,False,True,True,False,False
qingye-R3-formal-04-2-r3,qingye-R3-formal-04-2,cancel_retained,True,True,True,True,True,True
library-R3-formal-03-2-r6,library-R3-formal-03-2,conditional_branch,False,False,True,True,False,False
library-R3-formal-02-2-r7,library-R3-formal-02-2,reference_binding,True,True,True,True,True,True
qingye-R3-formal-06-2-r2,qingye-R3-formal-06-2,constraint_composition,True,True,True,True,True,True
qingye-R3-formal-02-1-r4,qingye-R3-formal-02-1,reference_binding,True,True,True,True,True,True
library-R3-formal-03-1-r2,library-R3-formal-03-1,conditional_branch,True,False,True,True,False,False
qingye-R3-formal-05-2-r1,qingye-R3-formal-05-2,long_business_list,True,True,True,True,True,True
qingye-R3-formal-05-2-r3,qingye-R3-formal-05-2,long_business_list,True,True,True,True,True,True
qingye-R3-formal-05-1-r0,qingye-R3-formal-05-1,long_business_list,True,True,True,True,True,True
library-R3-formal-06-2-r6,library-R3-formal-06-2,constraint_composition,True,True,True,True,True,True
qingye-R3-formal-05-1-r5,qingye-R3-formal-05-1,long_business_list,True,True,True,True,True,True
qingye-R3-formal-04-2-r7,qingye-R3-formal-04-2,cancel_retained,True,True,True,True,True,True
qingye-R3-formal-01-1-r2,qingye-R3-formal-01-1,nested_negation,True,True,True,True,True,True
qingye-R3-formal-01-1-r6,qingye-R3-formal-01-1,nested_negation,True,True,True,True,True,True
library-R3-formal-05-2-r4,library-R3-formal-05-2,long_business_list,True,True,True,True,True,True
library-R3-formal-01-1-r4,library-R3-formal-01-1,nested_negation,True,True,True,True,True,True
library-R3-formal-02-1-r4,library-R3-formal-02-1,reference_binding,True,True,True,True,True,True
library-R3-formal-01-1-r1,library-R3-formal-01-1,nested_negation,True,True,True,True,True,True
library-R3-formal-05-2-r5,library-R3-formal-05-2,long_business_list,True,True,True,True,True,True
library-R3-formal-05-1-r6,library-R3-formal-05-1,long_business_list,True,True,True,True,True,True
qingye-R3-formal-05-1-r2,qingye-R3-formal-05-1,long_business_list,True,True,True,True,True,True
qingye-R3-formal-03-1-r5,qingye-R3-formal-03-1,conditional_branch,True,True,True,True,True,True
qingye-R3-formal-06-1-r3,qingye-R3-formal-06-1,constraint_composition,True,True,True,True,True,True
library-R3-formal-05-1-r7,library-R3-formal-05-1,long_business_list,True,True,True,True,True,True
qingye-R3-formal-03-2-r0,qingye-R3-formal-03-2,conditional_branch,False,False,True,True,True,True
qingye-R3-formal-01-1-r5,qingye-R3-formal-01-1,nested_negation,True,True,True,True,True,True
qingye-R3-formal-05-1-r7,qingye-R3-formal-05-1,long_business_list,True,True,True,True,True,True
qingye-R3-formal-02-2-r4,qingye-R3-formal-02-2,reference_binding,True,True,True,True,True,True
library-R3-formal-03-1-r1,library-R3-formal-03-1,conditional_branch,True,False,True,True,False,False
qingye-R3-formal-05-1-r6,qingye-R3-formal-05-1,long_business_list,True,True,True,True,True,True
qingye-R3-formal-03-1-r4,qingye-R3-formal-03-1,conditional_branch,True,True,True,True,True,True
library-R3-formal-04-2-r4,library-R3-formal-04-2,cancel_retained,True,True,True,True,True,True
library-R3-formal-01-2-r4,library-R3-formal-01-2,nested_negation,True,True,True,True,True,True
qingye-R3-formal-02-2-r2,qingye-R3-formal-02-2,reference_binding,True,True,True,True,True,True
library-R3-formal-05-1-r3,library-R3-formal-05-1,long_business_list,True,True,True,True,True,True
library-R3-formal-01-2-r1,library-R3-formal-01-2,nested_negation,True,True,True,True,True,True
qingye-R3-formal-04-1-r7,qingye-R3-formal-04-1,cancel_retained,True,False,True,True,False,False
qingye-R3-formal-02-2-r3,qingye-R3-formal-02-2,reference_binding,False,True,True,True,False,False
qingye-R3-formal-03-2-r4,qingye-R3-formal-03-2,conditional_branch,False,False,True,True,True,True
qingye-R3-formal-02-2-r5,qingye-R3-formal-02-2,reference_binding,False,True,True,True,False,False
library-R3-formal-06-1-r5,library-R3-formal-06-1,constraint_composition,True,False,True,True,False,False
library-R3-formal-04-1-r7,library-R3-formal-04-1,cancel_retained,True,False,True,True,False,False
qingye-R3-formal-01-2-r5,qingye-R3-formal-01-2,nested_negation,True,True,True,True,True,True
library-R3-formal-04-2-r1,library-R3-formal-04-2,cancel_retained,True,True,True,True,True,True
qingye-R3-formal-06-2-r3,qingye-R3-formal-06-2,constraint_composition,True,False,True,True,False,False
library-R3-formal-02-1-r7,library-R3-formal-02-1,reference_binding,True,True,True,True,True,True
qingye-R3-formal-01-1-r1,qingye-R3-formal-01-1,nested_negation,True,True,True,True,True,True
library-R3-formal-04-1-r5,library-R3-formal-04-1,cancel_retained,True,False,True,True,False,False
library-R3-formal-02-1-r3,library-R3-formal-02-1,reference_binding,True,True,True,True,True,True
library-R3-formal-02-2-r4,library-R3-formal-02-2,reference_binding,True,True,True,True,True,True
library-R3-formal-01-1-r7,library-R3-formal-01-1,nested_negation,True,True,True,True,True,True
library-R3-formal-03-1-r6,library-R3-formal-03-1,conditional_branch,True,False,True,True,False,False
qingye-R3-formal-06-2-r7,qingye-R3-formal-06-2,constraint_composition,True,False,True,True,False,False
library-R3-formal-01-2-r7,library-R3-formal-01-2,nested_negation,True,True,True,True,True,True
qingye-R3-formal-02-1-r3,qingye-R3-formal-02-1,reference_binding,True,True,True,True,True,True
library-R3-formal-04-2-r0,library-R3-formal-04-2,cancel_retained,True,True,True,True,True,True
library-R3-formal-03-2-r1,library-R3-formal-03-2,conditional_branch,False,False,True,True,False,False
library-R3-formal-04-1-r1,library-R3-formal-04-1,cancel_retained,True,False,True,True,False,False
library-R3-formal-05-1-r1,library-R3-formal-05-1,long_business_list,True,True,True,True,True,True
library-R3-formal-05-2-r7,library-R3-formal-05-2,long_business_list,True,True,True,True,True,True
qingye-R3-formal-06-2-r0,qingye-R3-formal-06-2,constraint_composition,True,False,True,True,False,False
library-R3-formal-04-1-r6,library-R3-formal-04-1,cancel_retained,True,False,True,True,False,False
qingye-R3-formal-06-1-r7,qingye-R3-formal-06-1,constraint_composition,True,True,True,True,True,True
library-R3-formal-05-1-r0,library-R3-formal-05-1,long_business_list,True,True,True,True,True,True
qingye-R3-formal-03-2-r3,qingye-R3-formal-03-2,conditional_branch,False,False,True,True,True,True
qingye-R3-formal-01-1-r7,qingye-R3-formal-01-1,nested_negation,True,True,True,True,True,True
library-R3-formal-05-2-r0,library-R3-formal-05-2,long_business_list,True,True,True,True,True,True
qingye-R3-formal-03-1-r1,qingye-R3-formal-03-1,conditional_branch,True,True,True,True,True,True
qingye-R3-formal-05-1-r3,qingye-R3-formal-05-1,long_business_list,True,True,True,True,True,True
qingye-R3-formal-02-1-r7,qingye-R3-formal-02-1,reference_binding,True,True,True,True,True,True
library-R3-formal-02-2-r5,library-R3-formal-02-2,reference_binding,True,True,True,True,True,True
library-R3-formal-03-1-r5,library-R3-formal-03-1,conditional_branch,True,False,True,True,False,False
library-R3-formal-06-2-r1,library-R3-formal-06-2,constraint_composition,True,True,True,True,True,True
library-R3-formal-06-1-r3,library-R3-formal-06-1,constraint_composition,True,False,True,True,False,False
qingye-R3-formal-03-2-r1,qingye-R3-formal-03-2,conditional_branch,False,False,True,True,True,True
library-R3-formal-06-1-r1,library-R3-formal-06-1,constraint_composition,True,False,True,True,False,False
library-R3-formal-01-1-r5,library-R3-formal-01-1,nested_negation,True,True,True,True,True,True
library-R3-formal-03-2-r0,library-R3-formal-03-2,conditional_branch,False,False,True,True,False,False
qingye-R3-formal-01-1-r4,qingye-R3-formal-01-1,nested_negation,True,True,True,True,True,True
qingye-R3-formal-05-1-r4,qingye-R3-formal-05-1,long_business_list,True,True,True,True,True,True
library-R3-formal-02-2-r3,library-R3-formal-02-2,reference_binding,True,True,True,True,True,True
library-R3-formal-06-2-r0,library-R3-formal-06-2,constraint_composition,True,True,True,True,True,True
library-R3-formal-01-2-r0,library-R3-formal-01-2,nested_negation,True,True,True,True,True,True
library-R3-formal-03-2-r4,library-R3-formal-03-2,conditional_branch,False,False,True,True,False,False
qingye-R3-formal-06-1-r4,qingye-R3-formal-06-1,constraint_composition,True,True,True,True,True,True
qingye-R3-formal-01-1-r3,qingye-R3-formal-01-1,nested_negation,True,True,True,True,True,True
qingye-R3-formal-04-2-r5,qingye-R3-formal-04-2,cancel_retained,True,True,True,True,True,True
library-R3-formal-06-2-r7,library-R3-formal-06-2,constraint_composition,True,True,True,True,True,True
qingye-R3-formal-01-2-r2,qingye-R3-formal-01-2,nested_negation,True,True,True,True,True,True
library-R3-formal-01-2-r3,library-R3-formal-01-2,nested_negation,True,True,True,True,True,True
qingye-R3-formal-01-2-r0,qingye-R3-formal-01-2,nested_negation,True,True,True,True,True,True
library-R3-formal-02-2-r1,library-R3-formal-02-2,reference_binding,True,True,True,True,True,True
library-R3-formal-04-2-r3,library-R3-formal-04-2,cancel_retained,True,True,True,True,True,True
library-R3-formal-05-2-r1,library-R3-formal-05-2,long_business_list,True,True,True,True,True,True
library-R3-formal-01-1-r2,library-R3-formal-01-1,nested_negation,True,True,True,True,True,True
qingye-R3-formal-02-1-r0,qingye-R3-formal-02-1,reference_binding,True,True,True,True,True,True
qingye-R3-formal-02-2-r0,qingye-R3-formal-02-2,reference_binding,True,True,True,True,True,True
qingye-R3-formal-06-2-r6,qingye-R3-formal-06-2,constraint_composition,True,False,True,True,False,False
qingye-R3-formal-04-2-r2,qingye-R3-formal-04-2,cancel_retained,True,True,True,True,True,True
qingye-R3-formal-03-1-r2,qingye-R3-formal-03-1,conditional_branch,True,True,True,True,True,True
qingye-R3-formal-04-1-r0,qingye-R3-formal-04-1,cancel_retained,True,False,True,True,False,False
library-R3-formal-04-1-r2,library-R3-formal-04-1,cancel_retained,True,False,True,True,False,False
library-R3-formal-01-1-r6,library-R3-formal-01-1,nested_negation,True,True,True,True,True,True
qingye-R3-formal-02-1-r6,qingye-R3-formal-02-1,reference_binding,True,True,True,True,True,True
library-R3-formal-01-1-r3,library-R3-formal-01-1,nested_negation,True,True,True,True,True,True
qingye-R3-formal-01-1-r0,qingye-R3-formal-01-1,nested_negation,True,True,True,True,True,True
library-R3-formal-03-1-r0,library-R3-formal-03-1,conditional_branch,True,False,True,True,False,False
library-R3-formal-02-1-r2,library-R3-formal-02-1,reference_binding,True,True,True,True,True,True
qingye-R3-formal-02-1-r1,qingye-R3-formal-02-1,reference_binding,True,True,True,True,True,True
library-R3-formal-01-1-r0,library-R3-formal-01-1,nested_negation,True,True,True,True,True,True
library-R3-formal-04-1-r4,library-R3-formal-04-1,cancel_retained,True,False,True,True,False,False
library-R3-formal-06-1-r7,library-R3-formal-06-1,constraint_composition,False,False,True,True,False,False
qingye-R3-formal-03-1-r0,qingye-R3-formal-03-1,conditional_branch,True,True,True,True,True,True
qingye-R3-formal-05-2-r5,qingye-R3-formal-05-2,long_business_list,True,True,True,True,True,True
library-R3-formal-02-1-r6,library-R3-formal-02-1,reference_binding,True,True,True,True,True,True
library-R3-formal-02-1-r1,library-R3-formal-02-1,reference_binding,True,True,True,True,True,True
qingye-R3-formal-04-2-r1,qingye-R3-formal-04-2,cancel_retained,True,True,True,True,True,True
qingye-R3-formal-06-1-r5,qingye-R3-formal-06-1,constraint_composition,True,True,True,True,True,True
qingye-R3-formal-02-1-r2,qingye-R3-formal-02-1,reference_binding,True,True,True,True,True,True
qingye-R3-formal-05-2-r6,qingye-R3-formal-05-2,long_business_list,True,True,True,True,True,True
qingye-R3-formal-04-2-r4,qingye-R3-formal-04-2,cancel_retained,True,True,True,True,True,True
qingye-R3-formal-04-1-r1,qingye-R3-formal-04-1,cancel_retained,True,False,True,True,False,False
library-R3-formal-06-1-r6,library-R3-formal-06-1,constraint_composition,False,False,True,True,False,False
qingye-R3-formal-04-1-r3,qingye-R3-formal-04-1,cancel_retained,True,False,True,True,False,False
qingye-R3-formal-06-1-r0,qingye-R3-formal-06-1,constraint_composition,True,True,True,True,True,True
library-R3-formal-05-1-r4,library-R3-formal-05-1,long_business_list,True,True,True,True,True,True
library-R3-formal-01-2-r2,library-R3-formal-01-2,nested_negation,True,True,True,True,True,True
qingye-R3-formal-04-1-r5,qingye-R3-formal-04-1,cancel_retained,True,False,True,True,False,False
qingye-R3-formal-03-1-r6,qingye-R3-formal-03-1,conditional_branch,True,True,True,True,True,True
library-R3-formal-05-1-r2,library-R3-formal-05-1,long_business_list,True,True,True,True,True,True
library-R3-formal-03-2-r5,library-R3-formal-03-2,conditional_branch,False,False,True,True,False,False
qingye-R3-formal-06-2-r1,qingye-R3-formal-06-2,constraint_composition,True,False,True,True,False,False
library-R3-formal-02-2-r6,library-R3-formal-02-2,reference_binding,True,True,True,True,True,True
library-R3-formal-05-2-r2,library-R3-formal-05-2,long_business_list,True,True,True,True,True,True
qingye-R3-formal-05-1-r1,qingye-R3-formal-05-1,long_business_list,True,True,True,True,True,True
qingye-R3-formal-01-2-r1,qingye-R3-formal-01-2,nested_negation,True,True,True,True,True,True
library-R3-formal-01-2-r5,library-R3-formal-01-2,nested_negation,True,True,True,True,True,True
qingye-R3-formal-01-2-r4,qingye-R3-formal-01-2,nested_negation,True,True,True,True,True,True
qingye-R3-formal-03-2-r6,qingye-R3-formal-03-2,conditional_branch,False,False,True,True,True,True
qingye-R3-formal-06-1-r1,qingye-R3-formal-06-1,constraint_composition,True,True,True,True,True,True
qingye-R3-formal-04-2-r0,qingye-R3-formal-04-2,cancel_retained,True,True,True,True,True,True
qingye-R3-formal-04-1-r4,qingye-R3-formal-04-1,cancel_retained,True,False,True,True,False,False
library-R3-formal-02-2-r2,library-R3-formal-02-2,reference_binding,True,True,True,True,True,True
qingye-R3-formal-04-1-r2,qingye-R3-formal-04-1,cancel_retained,True,False,True,True,False,False
library-R3-formal-04-2-r6,library-R3-formal-04-2,cancel_retained,True,True,True,True,True,True
qingye-R3-formal-05-2-r0,qingye-R3-formal-05-2,long_business_list,True,True,True,True,True,True
library-R3-formal-02-1-r5,library-R3-formal-02-1,reference_binding,True,True,True,True,True,True
library-R3-formal-03-1-r4,library-R3-formal-03-1,conditional_branch,True,False,True,True,False,False
qingye-R3-formal-03-2-r5,qingye-R3-formal-03-2,conditional_branch,False,False,True,True,True,True
qingye-R3-formal-03-2-r2,qingye-R3-formal-03-2,conditional_branch,False,False,True,True,True,True
qingye-R3-formal-05-2-r4,qingye-R3-formal-05-2,long_business_list,True,True,True,True,True,True
library-R3-formal-06-1-r2,library-R3-formal-06-1,constraint_composition,False,False,True,True,False,False
library-R3-formal-02-2-r0,library-R3-formal-02-2,reference_binding,True,True,True,True,True,True
