system,group,n,semanticPlanCorrect,handlingCorrect,publicCompletedCorrect,pendingScope,wrongAutomaticExecution,simulatedPersonalCompletedCorrect,expectedQueries,queryHandlingCorrect,policyAbstentions,entryRejections,meanLogicalCostCny,medianLogicalSerialMs,logicalLatencyUnknown
qingye,A:a,72,60,60,42,15,0,6,48,48,0,3,0.0017511,672.0,0
qingye,A:b,72,57,57,42,12,3,6,48,48,0,3,0.0006447,1000.0,0
qingye,B,72,57,63,42,12,0,6,48,48,6,3,0.0023958,1718.0,0
qingye,C:a,72,51,63,42,12,0,6,48,48,12,3,0.0031977,2758.0,0
qingye,C:b,72,57,63,42,12,0,6,48,48,6,3,0.0045799,2554.0,0
qingye,D,72,51,63,42,12,0,6,48,48,12,3,0.0053818,3585.5,0
qingye,E:a,72,60,63,42,12,0,6,48,48,3,3,0.0039449,1516.0,0
qingye,E:b,72,51,63,42,12,0,6,48,48,12,3,0.0014446,2032.0,0
qingye,F2:a,72,60,60,42,15,0,6,48,48,0,3,0.0035022,1414.5,0
qingye,F2:b,72,57,60,42,12,3,6,48,48,3,3,0.0012898,2016.0,0
qingye,F3:a,72,60,60,42,15,0,6,48,48,0,3,0.0052533,2085.0,0
qingye,F3:b,72,57,60,42,12,3,6,48,48,3,3,0.001935,3030.5,0
qingye,F4:a,72,60,60,42,15,0,6,48,48,0,3,0.0070043,2835.0,0
qingye,F4:b,72,57,60,42,12,3,6,48,48,3,3,0.0025797,4062.5,0
library,A:a,72,70,70,34,18,0,18,54,52,0,0,0.0021978,859.0,0
library,A:b,72,53,53,36,17,0,17,54,53,0,0,0.000803,1735.0,0
library,B,72,51,69,34,17,0,17,54,51,21,0,0.0030009,2586.5,0
library,C:a,72,51,69,34,17,0,17,54,51,21,0,0.0039314,3696.5,0
library,C:b,72,51,69,34,17,0,17,54,51,21,0,0.0054713,3374.5,0
library,D,72,51,69,34,17,0,17,54,51,21,0,0.0064019,4539.0,0
library,E:a,72,70,70,34,18,0,18,54,52,0,0,0.0046874,1640.5,0
library,E:b,72,52,70,36,16,0,16,54,52,20,0,0.0017338,2851.0,0
library,F2:a,72,70,70,34,18,0,18,54,52,2,0,0.004395,1617.5,0
library,F2:b,72,53,71,36,17,0,17,54,53,19,0,0.0016066,3454.0,0
library,F3:a,72,70,70,34,18,0,18,54,52,0,0,0.0065928,2430.5,0
library,F3:b,72,54,72,36,18,0,18,54,54,18,0,0.0024102,5172.5,0
library,F4:a,72,70,70,34,18,0,18,54,52,2,0,0.0087903,3282.0,0
library,F4:b,72,54,72,36,18,0,18,54,54,18,0,0.0032144,6892.0,1
both,A:a,144,130,130,76,33,0,24,102,100,0,3,0.0019745,781.0,0
both,A:b,144,110,110,78,29,3,23,102,101,0,3,0.0007239,1351.5,0
both,B,144,108,132,76,29,0,23,102,99,27,3,0.0026983,2164.0,0
both,C:a,144,102,132,76,29,0,23,102,99,33,3,0.0035645,3336.0,0
both,C:b,144,108,132,76,29,0,23,102,99,27,3,0.0050256,3015.5,0
both,D,144,102,132,76,29,0,23,102,99,33,3,0.0058918,4118.0,0
both,E:a,144,130,133,76,30,0,24,102,100,3,3,0.0043162,1570.0,0
both,E:b,144,103,133,78,28,0,22,102,100,32,3,0.0015892,2586.0,0
both,F2:a,144,130,130,76,33,0,24,102,100,2,3,0.0039486,1492.0,0
both,F2:b,144,110,131,78,29,3,23,102,101,22,3,0.0014482,2758.0,0
both,F3:a,144,130,130,76,33,0,24,102,100,0,3,0.005923,2235.0,0
both,F3:b,144,111,132,78,30,3,24,102,102,21,3,0.0021726,4648.5,0
both,F4:a,144,130,130,76,33,0,24,102,100,2,3,0.0078973,2968.5,0
both,F4:b,144,111,132,78,30,3,24,102,102,21,3,0.0028948,5438.0,1
