suite,provider,model,role,requests,usageRecords,usageMissing,observedInputTokens,observedOutputTokens,observedTotalTokens,apiLatencyP50Ms,apiLatencyP95Ms
core,qwen,qwen-plus,proposal,576,576,0,456000,26290,482290,1531.0,1891.0
core,deepseek,deepseek-flash,proposal,576,576,0,455748,28218,483966,687.0,969.0
core,deepseek,deepseek-flash,review,288,288,0,292743,10838,303581,734.0,985.0
core,qwen,qwen-plus,review,288,288,0,288921,9046,297967,1109.0,1406.0
extension,qwen,qwen-plus,proposal,256,256,0,203336,11675,215011,1640.0,1953.0
extension,deepseek,deepseek-flash,proposal,256,256,0,203216,12578,215794,672.0,953.0
extension,deepseek,deepseek-flash,review,128,128,0,130474,4861,135335,672.0,969.0
extension,qwen,qwen-plus,review,128,128,0,128770,3994,132764,1109.0,1328.0
counterexamples,deepseek,deepseek-flash,proposal,512,512,0,414080,27328,441408,704.0,1000.0
counterexamples,qwen,qwen-plus,proposal,512,512,0,416416,25507,441923,1703.0,1922.0
counterexamples,qwen,qwen-plus,review,256,256,0,263486,8015,271501,1094.0,1484.0
counterexamples,deepseek,deepseek-flash,review,256,256,0,266213,9339,275552,734.0,1015.0
challenge,deepseek,deepseek-flash,review,48,48,0,49158,1723,50881,719.0,1000.0
challenge,qwen,qwen-plus,review,48,48,0,49062,1410,50472,1063.0,1344.0
formal,qwen,qwen-plus,proposal,768,768,0,652576,34514,687090,1625.0,1844.0
formal,deepseek,deepseek-flash,proposal,768,768,0,647808,37988,685796,672.0,968.0
formal,deepseek,deepseek-flash,review,384,384,0,412578,14209,426787,719.0,1000.0
formal,qwen,qwen-plus,review,384,384,0,408283,12030,420313,1062.0,1391.0
external,deepseek,deepseek-flash,proposal,48,48,0,40197,3144,43341,687.0,969.0
external,qwen,qwen-plus,proposal,48,48,0,40965,2934,43899,1719.0,1937.0
tier,deepseek,deepseek-v4-pro,proposal,36,36,0,30312,2667,32979,1125.0,1390.0
tier,qwen,qwen-plus,proposal,36,36,0,30573,1635,32208,1453.0,1812.0
tier,deepseek,deepseek-flash,proposal,36,36,0,30348,1802,32150,625.0,937.0
tier,qwen,qwen-flash,proposal,36,36,0,30573,1907,32480,657.0,859.0
time-day0,deepseek,deepseek-flash,proposal,36,36,0,30348,1804,32152,703.0,922.0
time-day0,qwen,qwen-plus,proposal,36,36,0,30573,1625,32198,1171.0,1922.0
query-day0,qwen,qwen-plus,proposal,117,117,0,62268,6410,68678,1719.0,1875.0
query-day0,deepseek,deepseek-flash,proposal,117,117,0,65394,6876,72270,719.0,953.0
query-review-day0,qwen,qwen-plus,review,234,234,0,175659,8608,184267,1219.0,1516.0
query-review-day0,deepseek,deepseek-flash,review,234,234,0,185681,9012,194693,735.0,1015.0
