caseId,system,group,coreRepetitions,coreHandlingCorrect,laterHandlingCorrect,coreQueryHandling,laterQueryHandling,coreWrongAutomatic,laterWrongAutomatic,laterStatus
qingye-01-1,qingye,A:a,3,3,1,3,1,0,0,QUERY
qingye-01-1,qingye,A:b,3,3,1,3,1,0,0,QUERY
qingye-01-1,qingye,B,3,3,1,3,1,0,0,QUERY
qingye-01-1,qingye,C:a,3,3,1,3,1,0,0,QUERY
qingye-01-1,qingye,C:b,3,3,1,3,1,0,0,QUERY
qingye-01-1,qingye,D,3,3,1,3,1,0,0,QUERY
qingye-01-1,qingye,E:a,3,3,1,3,1,0,0,QUERY
qingye-01-1,qingye,E:b,3,3,1,3,1,0,0,QUERY
qingye-01-1,qingye,F2:a,3,3,1,3,1,0,0,QUERY
qingye-01-1,qingye,F3:a,3,3,1,3,1,0,0,QUERY
qingye-01-1,qingye,F4:a,3,3,1,3,1,0,0,QUERY
qingye-01-1,qingye,F2:b,3,3,1,3,1,0,0,QUERY
qingye-01-1,qingye,F3:b,3,3,1,3,1,0,0,QUERY
qingye-01-1,qingye,F4:b,3,3,1,3,1,0,0,QUERY
qingye-01-2,qingye,A:a,3,3,1,3,1,0,0,QUERY
qingye-01-2,qingye,A:b,3,3,1,3,1,0,0,QUERY
qingye-01-2,qingye,B,3,3,1,3,1,0,0,QUERY
qingye-01-2,qingye,C:a,3,3,1,3,1,0,0,QUERY
qingye-01-2,qingye,C:b,3,3,1,3,1,0,0,QUERY
qingye-01-2,qingye,D,3,3,1,3,1,0,0,QUERY
qingye-01-2,qingye,E:a,3,3,1,3,1,0,0,QUERY
qingye-01-2,qingye,E:b,3,3,1,3,1,0,0,QUERY
qingye-01-2,qingye,F2:a,3,3,1,3,1,0,0,QUERY
qingye-01-2,qingye,F3:a,3,3,1,3,1,0,0,QUERY
qingye-01-2,qingye,F4:a,3,3,1,3,1,0,0,QUERY
qingye-01-2,qingye,F2:b,3,3,1,3,1,0,0,QUERY
qingye-01-2,qingye,F3:b,3,3,1,3,1,0,0,QUERY
qingye-01-2,qingye,F4:b,3,3,1,3,1,0,0,QUERY
library-01-1,library,A:a,3,3,1,3,1,0,0,QUERY
library-01-1,library,A:b,3,3,1,3,1,0,0,QUERY
library-01-1,library,B,3,3,1,3,1,0,0,QUERY
library-01-1,library,C:a,3,3,1,3,1,0,0,QUERY
library-01-1,library,C:b,3,3,1,3,1,0,0,QUERY
library-01-1,library,D,3,3,1,3,1,0,0,QUERY
library-01-1,library,E:a,3,3,1,3,1,0,0,QUERY
library-01-1,library,E:b,3,3,1,3,1,0,0,QUERY
library-01-1,library,F2:a,3,3,1,3,1,0,0,QUERY
library-01-1,library,F3:a,3,3,1,3,1,0,0,QUERY
library-01-1,library,F4:a,3,3,1,3,1,0,0,QUERY
library-01-1,library,F2:b,3,3,1,3,1,0,0,QUERY
library-01-1,library,F3:b,3,3,1,3,1,0,0,QUERY
library-01-1,library,F4:b,3,3,1,3,1,0,0,QUERY
library-01-2,library,A:a,3,3,1,3,1,0,0,QUERY
library-01-2,library,A:b,3,3,1,3,1,0,0,QUERY
library-01-2,library,B,3,3,1,3,1,0,0,QUERY
library-01-2,library,C:a,3,3,1,3,1,0,0,QUERY
library-01-2,library,C:b,3,3,1,3,1,0,0,QUERY
library-01-2,library,D,3,3,1,3,1,0,0,QUERY
library-01-2,library,E:a,3,3,1,3,1,0,0,QUERY
library-01-2,library,E:b,3,3,1,3,1,0,0,QUERY
library-01-2,library,F2:a,3,3,1,3,1,0,0,QUERY
library-01-2,library,F3:a,3,3,1,3,1,0,0,QUERY
library-01-2,library,F4:a,3,3,1,3,1,0,0,QUERY
library-01-2,library,F2:b,3,3,1,3,1,0,0,QUERY
library-01-2,library,F3:b,3,3,1,3,1,0,0,QUERY
library-01-2,library,F4:b,3,3,1,3,1,0,0,QUERY
qingye-02-1,qingye,A:a,3,3,1,3,1,0,0,QUERY
qingye-02-1,qingye,A:b,3,3,1,3,1,0,0,QUERY
qingye-02-1,qingye,B,3,3,1,3,1,0,0,QUERY
qingye-02-1,qingye,C:a,3,3,1,3,1,0,0,QUERY
qingye-02-1,qingye,C:b,3,3,1,3,1,0,0,QUERY
qingye-02-1,qingye,D,3,3,1,3,1,0,0,QUERY
qingye-02-1,qingye,E:a,3,3,1,3,1,0,0,QUERY
qingye-02-1,qingye,E:b,3,3,1,3,1,0,0,QUERY
qingye-02-1,qingye,F2:a,3,3,1,3,1,0,0,QUERY
qingye-02-1,qingye,F3:a,3,3,1,3,1,0,0,QUERY
qingye-02-1,qingye,F4:a,3,3,1,3,1,0,0,QUERY
qingye-02-1,qingye,F2:b,3,3,1,3,1,0,0,QUERY
qingye-02-1,qingye,F3:b,3,3,1,3,1,0,0,QUERY
qingye-02-1,qingye,F4:b,3,3,1,3,1,0,0,QUERY
qingye-02-2,qingye,A:a,3,3,1,3,1,0,0,QUERY
qingye-02-2,qingye,A:b,3,3,1,3,1,0,0,QUERY
qingye-02-2,qingye,B,3,3,1,3,1,0,0,QUERY
qingye-02-2,qingye,C:a,3,3,1,3,1,0,0,QUERY
qingye-02-2,qingye,C:b,3,3,1,3,1,0,0,QUERY
qingye-02-2,qingye,D,3,3,1,3,1,0,0,QUERY
qingye-02-2,qingye,E:a,3,3,1,3,1,0,0,QUERY
qingye-02-2,qingye,E:b,3,3,1,3,1,0,0,QUERY
qingye-02-2,qingye,F2:a,3,3,1,3,1,0,0,QUERY
qingye-02-2,qingye,F3:a,3,3,1,3,1,0,0,QUERY
qingye-02-2,qingye,F4:a,3,3,1,3,1,0,0,QUERY
qingye-02-2,qingye,F2:b,3,3,1,3,1,0,0,QUERY
qingye-02-2,qingye,F3:b,3,3,1,3,1,0,0,QUERY
qingye-02-2,qingye,F4:b,3,3,1,3,1,0,0,QUERY
library-02-1,library,A:a,3,3,1,3,1,0,0,QUERY
library-02-1,library,A:b,3,3,1,3,1,0,0,QUERY
library-02-1,library,B,3,3,1,3,1,0,0,QUERY
library-02-1,library,C:a,3,3,1,3,1,0,0,QUERY
library-02-1,library,C:b,3,3,1,3,1,0,0,QUERY
library-02-1,library,D,3,3,1,3,1,0,0,QUERY
library-02-1,library,E:a,3,3,1,3,1,0,0,QUERY
library-02-1,library,E:b,3,3,1,3,1,0,0,QUERY
library-02-1,library,F2:a,3,3,1,3,1,0,0,QUERY
library-02-1,library,F3:a,3,3,1,3,1,0,0,QUERY
library-02-1,library,F4:a,3,3,1,3,1,0,0,QUERY
library-02-1,library,F2:b,3,3,1,3,1,0,0,QUERY
library-02-1,library,F3:b,3,3,1,3,1,0,0,QUERY
library-02-1,library,F4:b,3,3,1,3,1,0,0,QUERY
library-02-2,library,A:a,3,3,1,3,1,0,0,QUERY
library-02-2,library,A:b,3,3,1,3,1,0,0,QUERY
library-02-2,library,B,3,3,1,3,1,0,0,QUERY
library-02-2,library,C:a,3,3,1,3,1,0,0,QUERY
library-02-2,library,C:b,3,3,1,3,1,0,0,QUERY
library-02-2,library,D,3,3,1,3,1,0,0,QUERY
library-02-2,library,E:a,3,3,1,3,1,0,0,QUERY
library-02-2,library,E:b,3,3,1,3,1,0,0,QUERY
library-02-2,library,F2:a,3,3,1,3,1,0,0,QUERY
library-02-2,library,F3:a,3,3,1,3,1,0,0,QUERY
library-02-2,library,F4:a,3,3,1,3,1,0,0,QUERY
library-02-2,library,F2:b,3,3,1,3,1,0,0,QUERY
library-02-2,library,F3:b,3,3,1,3,1,0,0,QUERY
library-02-2,library,F4:b,3,3,1,3,1,0,0,QUERY
qingye-03-1,qingye,A:a,3,3,1,3,1,0,0,QUERY
qingye-03-1,qingye,A:b,3,3,1,3,1,0,0,QUERY
qingye-03-1,qingye,B,3,3,1,3,1,0,0,QUERY
qingye-03-1,qingye,C:a,3,3,1,3,1,0,0,QUERY
qingye-03-1,qingye,C:b,3,3,1,3,1,0,0,QUERY
qingye-03-1,qingye,D,3,3,1,3,1,0,0,QUERY
qingye-03-1,qingye,E:a,3,3,1,3,1,0,0,QUERY
qingye-03-1,qingye,E:b,3,3,1,3,1,0,0,QUERY
qingye-03-1,qingye,F2:a,3,3,1,3,1,0,0,QUERY
qingye-03-1,qingye,F3:a,3,3,1,3,1,0,0,QUERY
qingye-03-1,qingye,F4:a,3,3,1,3,1,0,0,QUERY
qingye-03-1,qingye,F2:b,3,3,1,3,1,0,0,QUERY
qingye-03-1,qingye,F3:b,3,3,1,3,1,0,0,QUERY
qingye-03-1,qingye,F4:b,3,3,1,3,1,0,0,QUERY
qingye-03-2,qingye,A:a,3,3,1,3,1,0,0,QUERY
qingye-03-2,qingye,A:b,3,3,1,3,1,0,0,QUERY
qingye-03-2,qingye,B,3,3,1,3,1,0,0,QUERY
qingye-03-2,qingye,C:a,3,3,1,3,1,0,0,QUERY
qingye-03-2,qingye,C:b,3,3,1,3,1,0,0,QUERY
qingye-03-2,qingye,D,3,3,1,3,1,0,0,QUERY
qingye-03-2,qingye,E:a,3,3,1,3,1,0,0,QUERY
qingye-03-2,qingye,E:b,3,3,1,3,1,0,0,QUERY
qingye-03-2,qingye,F2:a,3,3,1,3,1,0,0,QUERY
qingye-03-2,qingye,F3:a,3,3,1,3,1,0,0,QUERY
qingye-03-2,qingye,F4:a,3,3,1,3,1,0,0,QUERY
qingye-03-2,qingye,F2:b,3,3,1,3,1,0,0,QUERY
qingye-03-2,qingye,F3:b,3,3,1,3,1,0,0,QUERY
qingye-03-2,qingye,F4:b,3,3,1,3,1,0,0,QUERY
library-03-1,library,A:a,3,3,1,3,1,0,0,QUERY
library-03-1,library,A:b,3,3,1,3,1,0,0,QUERY
library-03-1,library,B,3,3,1,3,1,0,0,QUERY
library-03-1,library,C:a,3,3,1,3,1,0,0,QUERY
library-03-1,library,C:b,3,3,1,3,1,0,0,QUERY
library-03-1,library,D,3,3,1,3,1,0,0,QUERY
library-03-1,library,E:a,3,3,1,3,1,0,0,QUERY
library-03-1,library,E:b,3,3,1,3,1,0,0,QUERY
library-03-1,library,F2:a,3,3,1,3,1,0,0,QUERY
library-03-1,library,F3:a,3,3,1,3,1,0,0,QUERY
library-03-1,library,F4:a,3,3,1,3,1,0,0,QUERY
library-03-1,library,F2:b,3,3,1,3,1,0,0,QUERY
library-03-1,library,F3:b,3,3,1,3,1,0,0,QUERY
library-03-1,library,F4:b,3,3,1,3,1,0,0,QUERY
library-03-2,library,A:a,3,3,1,3,1,0,0,QUERY
library-03-2,library,A:b,3,3,1,3,1,0,0,QUERY
library-03-2,library,B,3,3,1,3,1,0,0,QUERY
library-03-2,library,C:a,3,3,1,3,1,0,0,QUERY
library-03-2,library,C:b,3,3,1,3,1,0,0,QUERY
library-03-2,library,D,3,3,1,3,1,0,0,QUERY
library-03-2,library,E:a,3,3,1,3,1,0,0,QUERY
library-03-2,library,E:b,3,3,1,3,1,0,0,QUERY
library-03-2,library,F2:a,3,3,1,3,1,0,0,QUERY
library-03-2,library,F3:a,3,3,1,3,1,0,0,QUERY
library-03-2,library,F4:a,3,3,1,3,1,0,0,QUERY
library-03-2,library,F2:b,3,3,1,3,1,0,0,QUERY
library-03-2,library,F3:b,3,3,1,3,1,0,0,QUERY
library-03-2,library,F4:b,3,3,1,3,1,0,0,QUERY
qingye-04-1,qingye,A:a,3,3,1,3,1,0,0,QUERY
qingye-04-1,qingye,A:b,3,3,1,3,1,0,0,QUERY
qingye-04-1,qingye,B,3,3,1,3,1,0,0,QUERY
qingye-04-1,qingye,C:a,3,3,1,3,1,0,0,QUERY
qingye-04-1,qingye,C:b,3,3,1,3,1,0,0,QUERY
qingye-04-1,qingye,D,3,3,1,3,1,0,0,QUERY
qingye-04-1,qingye,E:a,3,3,1,3,1,0,0,QUERY
qingye-04-1,qingye,E:b,3,3,1,3,1,0,0,QUERY
qingye-04-1,qingye,F2:a,3,3,1,3,1,0,0,QUERY
qingye-04-1,qingye,F3:a,3,3,1,3,1,0,0,QUERY
qingye-04-1,qingye,F4:a,3,3,1,3,1,0,0,QUERY
qingye-04-1,qingye,F2:b,3,3,1,3,1,0,0,QUERY
qingye-04-1,qingye,F3:b,3,3,1,3,1,0,0,QUERY
qingye-04-1,qingye,F4:b,3,3,1,3,1,0,0,QUERY
qingye-04-2,qingye,A:a,3,3,1,3,1,0,0,QUERY
qingye-04-2,qingye,A:b,3,3,1,3,1,0,0,QUERY
qingye-04-2,qingye,B,3,3,1,3,1,0,0,QUERY
qingye-04-2,qingye,C:a,3,3,1,3,1,0,0,QUERY
qingye-04-2,qingye,C:b,3,3,1,3,1,0,0,QUERY
qingye-04-2,qingye,D,3,3,1,3,1,0,0,QUERY
qingye-04-2,qingye,E:a,3,3,1,3,1,0,0,QUERY
qingye-04-2,qingye,E:b,3,3,1,3,1,0,0,QUERY
qingye-04-2,qingye,F2:a,3,3,1,3,1,0,0,QUERY
qingye-04-2,qingye,F3:a,3,3,1,3,1,0,0,QUERY
qingye-04-2,qingye,F4:a,3,3,1,3,1,0,0,QUERY
qingye-04-2,qingye,F2:b,3,3,1,3,1,0,0,QUERY
qingye-04-2,qingye,F3:b,3,3,1,3,1,0,0,QUERY
qingye-04-2,qingye,F4:b,3,3,1,3,1,0,0,QUERY
library-04-1,library,A:a,3,3,1,3,1,0,0,QUERY
library-04-1,library,A:b,3,3,1,3,1,0,0,QUERY
library-04-1,library,B,3,3,1,3,1,0,0,QUERY
library-04-1,library,C:a,3,3,1,3,1,0,0,QUERY
library-04-1,library,C:b,3,3,1,3,1,0,0,QUERY
library-04-1,library,D,3,3,1,3,1,0,0,QUERY
library-04-1,library,E:a,3,3,1,3,1,0,0,QUERY
library-04-1,library,E:b,3,3,1,3,1,0,0,QUERY
library-04-1,library,F2:a,3,3,1,3,1,0,0,QUERY
library-04-1,library,F3:a,3,3,1,3,1,0,0,QUERY
library-04-1,library,F4:a,3,3,1,3,1,0,0,QUERY
library-04-1,library,F2:b,3,3,1,3,1,0,0,QUERY
library-04-1,library,F3:b,3,3,1,3,1,0,0,QUERY
library-04-1,library,F4:b,3,3,1,3,1,0,0,QUERY
library-04-2,library,A:a,3,3,1,3,1,0,0,QUERY
library-04-2,library,A:b,3,3,1,3,1,0,0,QUERY
library-04-2,library,B,3,3,1,3,1,0,0,QUERY
library-04-2,library,C:a,3,3,1,3,1,0,0,QUERY
library-04-2,library,C:b,3,3,1,3,1,0,0,QUERY
library-04-2,library,D,3,3,1,3,1,0,0,QUERY
library-04-2,library,E:a,3,3,1,3,1,0,0,QUERY
library-04-2,library,E:b,3,3,1,3,1,0,0,QUERY
library-04-2,library,F2:a,3,3,1,3,1,0,0,QUERY
library-04-2,library,F3:a,3,3,1,3,1,0,0,QUERY
library-04-2,library,F4:a,3,3,1,3,1,0,0,QUERY
library-04-2,library,F2:b,3,3,1,3,1,0,0,QUERY
library-04-2,library,F3:b,3,3,1,3,1,0,0,QUERY
library-04-2,library,F4:b,3,3,1,3,1,0,0,QUERY
qingye-05-1,qingye,A:a,3,3,1,0,0,0,0,CLARIFY
qingye-05-1,qingye,A:b,3,3,1,0,0,0,0,CLARIFY
qingye-05-1,qingye,B,3,3,1,0,0,0,0,CLARIFY
qingye-05-1,qingye,C:a,3,3,1,0,0,0,0,POLICY_ABSTENTION
qingye-05-1,qingye,C:b,3,3,1,0,0,0,0,CLARIFY
qingye-05-1,qingye,D,3,3,1,0,0,0,0,POLICY_ABSTENTION
qingye-05-1,qingye,E:a,3,3,1,0,0,0,0,CLARIFY
qingye-05-1,qingye,E:b,3,3,1,0,0,0,0,POLICY_ABSTENTION
qingye-05-1,qingye,F2:a,3,3,1,0,0,0,0,CLARIFY
qingye-05-1,qingye,F3:a,3,3,1,0,0,0,0,CLARIFY
qingye-05-1,qingye,F4:a,3,3,1,0,0,0,0,CLARIFY
qingye-05-1,qingye,F2:b,3,3,1,0,0,0,0,CLARIFY
qingye-05-1,qingye,F3:b,3,3,1,0,0,0,0,CLARIFY
qingye-05-1,qingye,F4:b,3,3,1,0,0,0,0,CLARIFY
qingye-05-2,qingye,A:a,3,3,1,0,0,0,0,CLARIFY
qingye-05-2,qingye,A:b,3,0,0,0,0,3,1,QUERY
qingye-05-2,qingye,B,3,3,1,0,0,0,0,POLICY_ABSTENTION
qingye-05-2,qingye,C:a,3,3,1,0,0,0,0,POLICY_ABSTENTION
qingye-05-2,qingye,C:b,3,3,1,0,0,0,0,POLICY_ABSTENTION
qingye-05-2,qingye,D,3,3,1,0,0,0,0,POLICY_ABSTENTION
qingye-05-2,qingye,E:a,3,3,1,0,0,0,0,CLARIFY
qingye-05-2,qingye,E:b,3,3,1,0,0,0,0,POLICY_ABSTENTION
qingye-05-2,qingye,F2:a,3,3,1,0,0,0,0,CLARIFY
qingye-05-2,qingye,F3:a,3,3,1,0,0,0,0,CLARIFY
qingye-05-2,qingye,F4:a,3,3,1,0,0,0,0,CLARIFY
qingye-05-2,qingye,F2:b,3,0,0,0,0,3,1,QUERY
qingye-05-2,qingye,F3:b,3,0,0,0,0,3,1,QUERY
qingye-05-2,qingye,F4:b,3,0,0,0,0,3,1,QUERY
library-05-1,library,A:a,3,3,1,0,0,0,0,CLARIFY
library-05-1,library,A:b,3,0,0,0,0,0,0,REJECT
library-05-1,library,B,3,3,1,0,0,0,0,POLICY_ABSTENTION
library-05-1,library,C:a,3,3,1,0,0,0,0,POLICY_ABSTENTION
library-05-1,library,C:b,3,3,1,0,0,0,0,POLICY_ABSTENTION
library-05-1,library,D,3,3,1,0,0,0,0,POLICY_ABSTENTION
library-05-1,library,E:a,3,3,1,0,0,0,0,CLARIFY
library-05-1,library,E:b,3,3,1,0,0,0,0,POLICY_ABSTENTION
library-05-1,library,F2:a,3,3,1,0,0,0,0,CLARIFY
library-05-1,library,F3:a,3,3,1,0,0,0,0,CLARIFY
library-05-1,library,F4:a,3,3,1,0,0,0,0,CLARIFY
library-05-1,library,F2:b,3,3,1,0,0,0,0,POLICY_ABSTENTION
library-05-1,library,F3:b,3,3,1,0,0,0,0,POLICY_ABSTENTION
library-05-1,library,F4:b,3,3,1,0,0,0,0,POLICY_ABSTENTION
library-05-2,library,A:a,3,3,1,0,0,0,0,CLARIFY
library-05-2,library,A:b,3,0,0,0,0,0,0,REJECT
library-05-2,library,B,3,3,1,0,0,0,0,POLICY_ABSTENTION
library-05-2,library,C:a,3,3,1,0,0,0,0,POLICY_ABSTENTION
library-05-2,library,C:b,3,3,1,0,0,0,0,POLICY_ABSTENTION
library-05-2,library,D,3,3,1,0,0,0,0,POLICY_ABSTENTION
library-05-2,library,E:a,3,3,1,0,0,0,0,CLARIFY
library-05-2,library,E:b,3,3,1,0,0,0,0,POLICY_ABSTENTION
library-05-2,library,F2:a,3,3,1,0,0,0,0,CLARIFY
library-05-2,library,F3:a,3,3,1,0,0,0,0,CLARIFY
library-05-2,library,F4:a,3,3,1,0,0,0,0,CLARIFY
library-05-2,library,F2:b,3,3,1,0,0,0,0,POLICY_ABSTENTION
library-05-2,library,F3:b,3,3,1,0,0,0,0,POLICY_ABSTENTION
library-05-2,library,F4:b,3,3,1,0,0,0,0,POLICY_ABSTENTION
qingye-06-1,qingye,A:a,3,0,0,0,0,0,0,CONFIRM_SCOPE
qingye-06-1,qingye,A:b,3,0,0,0,0,0,0,CLARIFY
qingye-06-1,qingye,B,3,3,1,0,0,0,0,POLICY_ABSTENTION
qingye-06-1,qingye,C:a,3,3,1,0,0,0,0,POLICY_ABSTENTION
qingye-06-1,qingye,C:b,3,3,1,0,0,0,0,POLICY_ABSTENTION
qingye-06-1,qingye,D,3,3,1,0,0,0,0,POLICY_ABSTENTION
qingye-06-1,qingye,E:a,3,3,1,0,0,0,0,POLICY_ABSTENTION
qingye-06-1,qingye,E:b,3,3,1,0,0,0,0,POLICY_ABSTENTION
qingye-06-1,qingye,F2:a,3,0,0,0,0,0,0,CONFIRM_SCOPE
qingye-06-1,qingye,F3:a,3,0,0,0,0,0,0,CONFIRM_SCOPE
qingye-06-1,qingye,F4:a,3,0,0,0,0,0,0,CONFIRM_SCOPE
qingye-06-1,qingye,F2:b,3,3,1,0,0,0,0,POLICY_ABSTENTION
qingye-06-1,qingye,F3:b,3,3,1,0,0,0,0,POLICY_ABSTENTION
qingye-06-1,qingye,F4:b,3,3,1,0,0,0,0,POLICY_ABSTENTION
qingye-06-2,qingye,A:a,3,3,1,0,0,0,0,CLARIFY
qingye-06-2,qingye,A:b,3,3,1,0,0,0,0,CLARIFY
qingye-06-2,qingye,B,3,3,1,0,0,0,0,CLARIFY
qingye-06-2,qingye,C:a,3,3,1,0,0,0,0,POLICY_ABSTENTION
qingye-06-2,qingye,C:b,3,3,1,0,0,0,0,CLARIFY
qingye-06-2,qingye,D,3,3,1,0,0,0,0,POLICY_ABSTENTION
qingye-06-2,qingye,E:a,3,3,1,0,0,0,0,CLARIFY
qingye-06-2,qingye,E:b,3,3,1,0,0,0,0,POLICY_ABSTENTION
qingye-06-2,qingye,F2:a,3,3,1,0,0,0,0,CLARIFY
qingye-06-2,qingye,F3:a,3,3,1,0,0,0,0,CLARIFY
qingye-06-2,qingye,F4:a,3,3,1,0,0,0,0,CLARIFY
qingye-06-2,qingye,F2:b,3,3,1,0,0,0,0,CLARIFY
qingye-06-2,qingye,F3:b,3,3,1,0,0,0,0,CLARIFY
qingye-06-2,qingye,F4:b,3,3,1,0,0,0,0,CLARIFY
library-06-1,library,A:a,3,3,1,0,0,0,0,CLARIFY
library-06-1,library,A:b,3,0,0,0,0,0,0,REJECT
library-06-1,library,B,3,3,1,0,0,0,0,POLICY_ABSTENTION
library-06-1,library,C:a,3,3,1,0,0,0,0,POLICY_ABSTENTION
library-06-1,library,C:b,3,3,1,0,0,0,0,POLICY_ABSTENTION
library-06-1,library,D,3,3,1,0,0,0,0,POLICY_ABSTENTION
library-06-1,library,E:a,3,3,1,0,0,0,0,CLARIFY
library-06-1,library,E:b,3,3,1,0,0,0,0,POLICY_ABSTENTION
library-06-1,library,F2:a,3,3,1,0,0,0,0,CLARIFY
library-06-1,library,F3:a,3,3,1,0,0,0,0,CLARIFY
library-06-1,library,F4:a,3,3,1,0,0,0,0,CLARIFY
library-06-1,library,F2:b,3,3,1,0,0,0,0,POLICY_ABSTENTION
library-06-1,library,F3:b,3,3,1,0,0,0,0,POLICY_ABSTENTION
library-06-1,library,F4:b,3,3,1,0,0,0,0,POLICY_ABSTENTION
library-06-2,library,A:a,3,3,1,0,0,0,0,CLARIFY
library-06-2,library,A:b,3,0,0,0,0,0,0,REJECT
library-06-2,library,B,3,3,1,0,0,0,0,POLICY_ABSTENTION
library-06-2,library,C:a,3,3,1,0,0,0,0,POLICY_ABSTENTION
library-06-2,library,C:b,3,3,1,0,0,0,0,POLICY_ABSTENTION
library-06-2,library,D,3,3,1,0,0,0,0,POLICY_ABSTENTION
library-06-2,library,E:a,3,3,1,0,0,0,0,CLARIFY
library-06-2,library,E:b,3,3,1,0,0,0,0,POLICY_ABSTENTION
library-06-2,library,F2:a,3,3,1,0,0,0,0,CLARIFY
library-06-2,library,F3:a,3,3,1,0,0,0,0,CLARIFY
library-06-2,library,F4:a,3,3,1,0,0,0,0,CLARIFY
library-06-2,library,F2:b,3,3,1,0,0,0,0,POLICY_ABSTENTION
library-06-2,library,F3:b,3,3,1,0,0,0,0,POLICY_ABSTENTION
library-06-2,library,F4:b,3,3,1,0,0,0,0,POLICY_ABSTENTION
qingye-07-1,qingye,A:a,3,3,1,3,1,0,0,CONFIRM_SCOPE
qingye-07-1,qingye,A:b,3,3,1,3,1,0,0,CONFIRM_SCOPE
qingye-07-1,qingye,B,3,3,1,3,1,0,0,CONFIRM_SCOPE
qingye-07-1,qingye,C:a,3,3,1,3,1,0,0,CONFIRM_SCOPE
qingye-07-1,qingye,C:b,3,3,1,3,1,0,0,CONFIRM_SCOPE
qingye-07-1,qingye,D,3,3,1,3,1,0,0,CONFIRM_SCOPE
qingye-07-1,qingye,E:a,3,3,1,3,1,0,0,CONFIRM_SCOPE
qingye-07-1,qingye,E:b,3,3,1,3,1,0,0,CONFIRM_SCOPE
qingye-07-1,qingye,F2:a,3,3,1,3,1,0,0,CONFIRM_SCOPE
qingye-07-1,qingye,F3:a,3,3,1,3,1,0,0,CONFIRM_SCOPE
qingye-07-1,qingye,F4:a,3,3,1,3,1,0,0,CONFIRM_SCOPE
qingye-07-1,qingye,F2:b,3,3,1,3,1,0,0,CONFIRM_SCOPE
qingye-07-1,qingye,F3:b,3,3,1,3,1,0,0,CONFIRM_SCOPE
qingye-07-1,qingye,F4:b,3,3,1,3,1,0,0,CONFIRM_SCOPE
qingye-07-2,qingye,A:a,3,3,1,3,1,0,0,CONFIRM_SCOPE
qingye-07-2,qingye,A:b,3,3,1,3,1,0,0,CONFIRM_SCOPE
qingye-07-2,qingye,B,3,3,1,3,1,0,0,CONFIRM_SCOPE
qingye-07-2,qingye,C:a,3,3,1,3,1,0,0,CONFIRM_SCOPE
qingye-07-2,qingye,C:b,3,3,1,3,1,0,0,CONFIRM_SCOPE
qingye-07-2,qingye,D,3,3,1,3,1,0,0,CONFIRM_SCOPE
qingye-07-2,qingye,E:a,3,3,1,3,1,0,0,CONFIRM_SCOPE
qingye-07-2,qingye,E:b,3,3,1,3,1,0,0,CONFIRM_SCOPE
qingye-07-2,qingye,F2:a,3,3,1,3,1,0,0,CONFIRM_SCOPE
qingye-07-2,qingye,F3:a,3,3,1,3,1,0,0,CONFIRM_SCOPE
qingye-07-2,qingye,F4:a,3,3,1,3,1,0,0,CONFIRM_SCOPE
qingye-07-2,qingye,F2:b,3,3,1,3,1,0,0,CONFIRM_SCOPE
qingye-07-2,qingye,F3:b,3,3,1,3,1,0,0,CONFIRM_SCOPE
qingye-07-2,qingye,F4:b,3,3,1,3,1,0,0,CONFIRM_SCOPE
library-07-1,library,A:a,3,3,1,3,1,0,0,CONFIRM_SCOPE
library-07-1,library,A:b,3,3,1,3,1,0,0,CONFIRM_SCOPE
library-07-1,library,B,3,3,1,3,1,0,0,CONFIRM_SCOPE
library-07-1,library,C:a,3,3,1,3,1,0,0,CONFIRM_SCOPE
library-07-1,library,C:b,3,3,1,3,1,0,0,CONFIRM_SCOPE
library-07-1,library,D,3,3,1,3,1,0,0,CONFIRM_SCOPE
library-07-1,library,E:a,3,3,1,3,1,0,0,CONFIRM_SCOPE
library-07-1,library,E:b,3,3,1,3,1,0,0,CONFIRM_SCOPE
library-07-1,library,F2:a,3,3,1,3,1,0,0,CONFIRM_SCOPE
library-07-1,library,F3:a,3,3,1,3,1,0,0,CONFIRM_SCOPE
library-07-1,library,F4:a,3,3,1,3,1,0,0,CONFIRM_SCOPE
library-07-1,library,F2:b,3,3,1,3,1,0,0,CONFIRM_SCOPE
library-07-1,library,F3:b,3,3,1,3,1,0,0,CONFIRM_SCOPE
library-07-1,library,F4:b,3,3,1,3,1,0,0,CONFIRM_SCOPE
library-07-2,library,A:a,3,3,1,3,1,0,0,CONFIRM_SCOPE
library-07-2,library,A:b,3,3,1,3,1,0,0,CONFIRM_SCOPE
library-07-2,library,B,3,3,1,3,1,0,0,CONFIRM_SCOPE
library-07-2,library,C:a,3,3,1,3,1,0,0,CONFIRM_SCOPE
library-07-2,library,C:b,3,3,1,3,1,0,0,CONFIRM_SCOPE
library-07-2,library,D,3,3,1,3,1,0,0,CONFIRM_SCOPE
library-07-2,library,E:a,3,3,1,3,1,0,0,CONFIRM_SCOPE
library-07-2,library,E:b,3,3,1,3,1,0,0,CONFIRM_SCOPE
library-07-2,library,F2:a,3,3,1,3,1,0,0,CONFIRM_SCOPE
library-07-2,library,F3:a,3,3,1,3,1,0,0,CONFIRM_SCOPE
library-07-2,library,F4:a,3,3,1,3,1,0,0,CONFIRM_SCOPE
library-07-2,library,F2:b,3,3,1,3,1,0,0,CONFIRM_SCOPE
library-07-2,library,F3:b,3,3,1,3,1,0,0,CONFIRM_SCOPE
library-07-2,library,F4:b,3,3,1,3,1,0,0,CONFIRM_SCOPE
qingye-08-1,qingye,A:a,3,0,0,0,0,0,0,CONFIRM_SCOPE
qingye-08-1,qingye,A:b,3,0,0,0,0,0,0,CONFIRM_SCOPE
qingye-08-1,qingye,B,3,0,0,0,0,0,0,CONFIRM_SCOPE
qingye-08-1,qingye,C:a,3,0,0,0,0,0,0,CONFIRM_SCOPE
qingye-08-1,qingye,C:b,3,0,0,0,0,0,0,CONFIRM_SCOPE
qingye-08-1,qingye,D,3,0,0,0,0,0,0,CONFIRM_SCOPE
qingye-08-1,qingye,E:a,3,0,0,0,0,0,0,CONFIRM_SCOPE
qingye-08-1,qingye,E:b,3,0,0,0,0,0,0,CONFIRM_SCOPE
qingye-08-1,qingye,F2:a,3,0,0,0,0,0,0,CONFIRM_SCOPE
qingye-08-1,qingye,F3:a,3,0,0,0,0,0,0,CONFIRM_SCOPE
qingye-08-1,qingye,F4:a,3,0,0,0,0,0,0,CONFIRM_SCOPE
qingye-08-1,qingye,F2:b,3,0,0,0,0,0,0,CONFIRM_SCOPE
qingye-08-1,qingye,F3:b,3,0,0,0,0,0,0,CONFIRM_SCOPE
qingye-08-1,qingye,F4:b,3,0,0,0,0,0,0,CONFIRM_SCOPE
qingye-08-2,qingye,A:a,3,0,0,0,0,0,0,CONFIRM_SCOPE
qingye-08-2,qingye,A:b,3,0,0,0,0,0,0,CONFIRM_SCOPE
qingye-08-2,qingye,B,3,0,0,0,0,0,0,CONFIRM_SCOPE
qingye-08-2,qingye,C:a,3,0,0,0,0,0,0,CONFIRM_SCOPE
qingye-08-2,qingye,C:b,3,0,0,0,0,0,0,CONFIRM_SCOPE
qingye-08-2,qingye,D,3,0,0,0,0,0,0,CONFIRM_SCOPE
qingye-08-2,qingye,E:a,3,0,0,0,0,0,0,CONFIRM_SCOPE
qingye-08-2,qingye,E:b,3,0,0,0,0,0,0,CONFIRM_SCOPE
qingye-08-2,qingye,F2:a,3,0,0,0,0,0,0,CONFIRM_SCOPE
qingye-08-2,qingye,F3:a,3,0,0,0,0,0,0,CONFIRM_SCOPE
qingye-08-2,qingye,F4:a,3,0,0,0,0,0,0,CONFIRM_SCOPE
qingye-08-2,qingye,F2:b,3,0,0,0,0,0,0,CONFIRM_SCOPE
qingye-08-2,qingye,F3:b,3,0,0,0,0,0,0,CONFIRM_SCOPE
qingye-08-2,qingye,F4:b,3,0,0,0,0,0,0,CONFIRM_SCOPE
library-08-1,library,A:a,3,3,1,3,1,0,0,CONFIRM_SCOPE
library-08-1,library,A:b,3,2,1,2,1,0,0,CONFIRM_SCOPE
library-08-1,library,B,3,2,1,2,1,0,0,CONFIRM_SCOPE
library-08-1,library,C:a,3,2,1,2,1,0,0,CONFIRM_SCOPE
library-08-1,library,C:b,3,2,1,2,1,0,0,CONFIRM_SCOPE
library-08-1,library,D,3,2,1,2,1,0,0,CONFIRM_SCOPE
library-08-1,library,E:a,3,3,1,3,1,0,0,CONFIRM_SCOPE
library-08-1,library,E:b,3,2,1,2,1,0,0,CONFIRM_SCOPE
library-08-1,library,F2:a,3,3,1,3,1,0,0,CONFIRM_SCOPE
library-08-1,library,F3:a,3,3,1,3,1,0,0,CONFIRM_SCOPE
library-08-1,library,F4:a,3,3,1,3,1,0,0,CONFIRM_SCOPE
library-08-1,library,F2:b,3,2,1,2,1,0,0,CONFIRM_SCOPE
library-08-1,library,F3:b,3,3,1,3,1,0,0,CONFIRM_SCOPE
library-08-1,library,F4:b,3,3,1,3,1,0,0,CONFIRM_SCOPE
library-08-2,library,A:a,3,3,1,3,1,0,0,CONFIRM_SCOPE
library-08-2,library,A:b,3,3,1,3,1,0,0,CONFIRM_SCOPE
library-08-2,library,B,3,3,1,3,1,0,0,CONFIRM_SCOPE
library-08-2,library,C:a,3,3,1,3,1,0,0,CONFIRM_SCOPE
library-08-2,library,C:b,3,3,1,3,1,0,0,CONFIRM_SCOPE
library-08-2,library,D,3,3,1,3,1,0,0,CONFIRM_SCOPE
library-08-2,library,E:a,3,3,1,3,1,0,0,CONFIRM_SCOPE
library-08-2,library,E:b,3,3,1,3,1,0,0,CONFIRM_SCOPE
library-08-2,library,F2:a,3,3,1,3,1,0,0,CONFIRM_SCOPE
library-08-2,library,F3:a,3,3,1,3,1,0,0,CONFIRM_SCOPE
library-08-2,library,F4:a,3,3,1,3,1,0,0,CONFIRM_SCOPE
library-08-2,library,F2:b,3,3,1,3,1,0,0,CONFIRM_SCOPE
library-08-2,library,F3:b,3,3,1,3,1,0,0,CONFIRM_SCOPE
library-08-2,library,F4:b,3,3,1,3,1,0,0,CONFIRM_SCOPE
qingye-09-1,qingye,A:a,3,3,1,0,0,0,0,CLARIFY
qingye-09-1,qingye,A:b,3,3,1,0,0,0,0,CLARIFY
qingye-09-1,qingye,B,3,3,1,0,0,0,0,CLARIFY
qingye-09-1,qingye,C:a,3,3,1,0,0,0,0,CLARIFY
qingye-09-1,qingye,C:b,3,3,1,0,0,0,0,CLARIFY
qingye-09-1,qingye,D,3,3,1,0,0,0,0,CLARIFY
qingye-09-1,qingye,E:a,3,3,1,0,0,0,0,CLARIFY
qingye-09-1,qingye,E:b,3,3,1,0,0,0,0,CLARIFY
qingye-09-1,qingye,F2:a,3,3,1,0,0,0,0,CLARIFY
qingye-09-1,qingye,F3:a,3,3,1,0,0,0,0,CLARIFY
qingye-09-1,qingye,F4:a,3,3,1,0,0,0,0,CLARIFY
qingye-09-1,qingye,F2:b,3,3,1,0,0,0,0,CLARIFY
qingye-09-1,qingye,F3:b,3,3,1,0,0,0,0,CLARIFY
qingye-09-1,qingye,F4:b,3,3,1,0,0,0,0,CLARIFY
qingye-09-2,qingye,A:a,3,0,0,0,0,0,0,REJECT
qingye-09-2,qingye,A:b,3,0,0,0,0,0,0,REJECT
qingye-09-2,qingye,B,3,0,0,0,0,0,0,REJECT
qingye-09-2,qingye,C:a,3,0,0,0,0,0,0,REJECT
qingye-09-2,qingye,C:b,3,0,0,0,0,0,0,REJECT
qingye-09-2,qingye,D,3,0,0,0,0,0,0,REJECT
qingye-09-2,qingye,E:a,3,0,0,0,0,0,0,REJECT
qingye-09-2,qingye,E:b,3,0,0,0,0,0,0,REJECT
qingye-09-2,qingye,F2:a,3,0,0,0,0,0,0,REJECT
qingye-09-2,qingye,F3:a,3,0,0,0,0,0,0,REJECT
qingye-09-2,qingye,F4:a,3,0,0,0,0,0,0,REJECT
qingye-09-2,qingye,F2:b,3,0,0,0,0,0,0,REJECT
qingye-09-2,qingye,F3:b,3,0,0,0,0,0,0,REJECT
qingye-09-2,qingye,F4:b,3,0,0,0,0,0,0,REJECT
library-09-1,library,A:a,3,3,1,0,0,0,0,CLARIFY
library-09-1,library,A:b,3,0,0,0,0,0,0,REJECT
library-09-1,library,B,3,3,1,0,0,0,0,POLICY_ABSTENTION
library-09-1,library,C:a,3,3,1,0,0,0,0,POLICY_ABSTENTION
library-09-1,library,C:b,3,3,1,0,0,0,0,POLICY_ABSTENTION
library-09-1,library,D,3,3,1,0,0,0,0,POLICY_ABSTENTION
library-09-1,library,E:a,3,3,1,0,0,0,0,CLARIFY
library-09-1,library,E:b,3,3,1,0,0,0,0,POLICY_ABSTENTION
library-09-1,library,F2:a,3,3,1,0,0,0,0,CLARIFY
library-09-1,library,F3:a,3,3,1,0,0,0,0,CLARIFY
library-09-1,library,F4:a,3,3,1,0,0,0,0,CLARIFY
library-09-1,library,F2:b,3,3,1,0,0,0,0,POLICY_ABSTENTION
library-09-1,library,F3:b,3,3,1,0,0,0,0,POLICY_ABSTENTION
library-09-1,library,F4:b,3,3,1,0,0,0,0,POLICY_ABSTENTION
library-09-2,library,A:a,3,3,1,0,0,0,0,CLARIFY
library-09-2,library,A:b,3,0,0,0,0,0,0,REJECT
library-09-2,library,B,3,3,1,0,0,0,0,POLICY_ABSTENTION
library-09-2,library,C:a,3,3,1,0,0,0,0,POLICY_ABSTENTION
library-09-2,library,C:b,3,3,1,0,0,0,0,POLICY_ABSTENTION
library-09-2,library,D,3,3,1,0,0,0,0,POLICY_ABSTENTION
library-09-2,library,E:a,3,3,1,0,0,0,0,CLARIFY
library-09-2,library,E:b,3,3,1,0,0,0,0,POLICY_ABSTENTION
library-09-2,library,F2:a,3,3,1,0,0,0,0,CLARIFY
library-09-2,library,F3:a,3,3,1,0,0,0,0,CLARIFY
library-09-2,library,F4:a,3,3,1,0,0,0,0,CLARIFY
library-09-2,library,F2:b,3,3,1,0,0,0,0,POLICY_ABSTENTION
library-09-2,library,F3:b,3,3,1,0,0,0,0,POLICY_ABSTENTION
library-09-2,library,F4:b,3,3,1,0,0,0,0,POLICY_ABSTENTION
qingye-10-1,qingye,A:a,3,3,1,3,1,0,0,QUERY
qingye-10-1,qingye,A:b,3,3,1,3,1,0,0,QUERY
qingye-10-1,qingye,B,3,3,1,3,1,0,0,QUERY
qingye-10-1,qingye,C:a,3,3,1,3,1,0,0,QUERY
qingye-10-1,qingye,C:b,3,3,1,3,1,0,0,QUERY
qingye-10-1,qingye,D,3,3,1,3,1,0,0,QUERY
qingye-10-1,qingye,E:a,3,3,1,3,1,0,0,QUERY
qingye-10-1,qingye,E:b,3,3,1,3,1,0,0,QUERY
qingye-10-1,qingye,F2:a,3,3,1,3,1,0,0,QUERY
qingye-10-1,qingye,F3:a,3,3,1,3,1,0,0,QUERY
qingye-10-1,qingye,F4:a,3,3,1,3,1,0,0,QUERY
qingye-10-1,qingye,F2:b,3,3,1,3,1,0,0,QUERY
qingye-10-1,qingye,F3:b,3,3,1,3,1,0,0,QUERY
qingye-10-1,qingye,F4:b,3,3,1,3,1,0,0,QUERY
qingye-10-2,qingye,A:a,3,3,1,3,1,0,0,QUERY
qingye-10-2,qingye,A:b,3,3,1,3,1,0,0,QUERY
qingye-10-2,qingye,B,3,3,1,3,1,0,0,QUERY
qingye-10-2,qingye,C:a,3,3,1,3,1,0,0,QUERY
qingye-10-2,qingye,C:b,3,3,1,3,1,0,0,QUERY
qingye-10-2,qingye,D,3,3,1,3,1,0,0,QUERY
qingye-10-2,qingye,E:a,3,3,1,3,1,0,0,QUERY
qingye-10-2,qingye,E:b,3,3,1,3,1,0,0,QUERY
qingye-10-2,qingye,F2:a,3,3,1,3,1,0,0,QUERY
qingye-10-2,qingye,F3:a,3,3,1,3,1,0,0,QUERY
qingye-10-2,qingye,F4:a,3,3,1,3,1,0,0,QUERY
qingye-10-2,qingye,F2:b,3,3,1,3,1,0,0,QUERY
qingye-10-2,qingye,F3:b,3,3,1,3,1,0,0,QUERY
qingye-10-2,qingye,F4:b,3,3,1,3,1,0,0,QUERY
library-10-1,library,A:a,3,1,1,1,1,0,0,QUERY
library-10-1,library,A:b,3,3,1,3,1,0,0,QUERY
library-10-1,library,B,3,1,1,1,1,0,0,QUERY
library-10-1,library,C:a,3,1,1,1,1,0,0,QUERY
library-10-1,library,C:b,3,1,1,1,1,0,0,QUERY
library-10-1,library,D,3,1,1,1,1,0,0,QUERY
library-10-1,library,E:a,3,1,1,1,1,0,0,QUERY
library-10-1,library,E:b,3,3,1,3,1,0,0,QUERY
library-10-1,library,F2:a,3,1,0,1,0,0,0,POLICY_ABSTENTION
library-10-1,library,F3:a,3,1,0,1,0,0,0,CLARIFY
library-10-1,library,F4:a,3,1,0,1,0,0,0,POLICY_ABSTENTION
library-10-1,library,F2:b,3,3,1,3,1,0,0,QUERY
library-10-1,library,F3:b,3,3,1,3,1,0,0,QUERY
library-10-1,library,F4:b,3,3,1,3,1,0,0,QUERY
library-10-2,library,A:a,3,3,1,3,1,0,0,QUERY
library-10-2,library,A:b,3,3,1,3,1,0,0,QUERY
library-10-2,library,B,3,3,1,3,1,0,0,QUERY
library-10-2,library,C:a,3,3,1,3,1,0,0,QUERY
library-10-2,library,C:b,3,3,1,3,1,0,0,QUERY
library-10-2,library,D,3,3,1,3,1,0,0,QUERY
library-10-2,library,E:a,3,3,1,3,1,0,0,QUERY
library-10-2,library,E:b,3,3,1,3,1,0,0,QUERY
library-10-2,library,F2:a,3,3,1,3,1,0,0,QUERY
library-10-2,library,F3:a,3,3,1,3,1,0,0,QUERY
library-10-2,library,F4:a,3,3,1,3,1,0,0,QUERY
library-10-2,library,F2:b,3,3,1,3,1,0,0,QUERY
library-10-2,library,F3:b,3,3,1,3,1,0,0,QUERY
library-10-2,library,F4:b,3,3,1,3,1,0,0,QUERY
qingye-11-1,qingye,A:a,3,3,1,3,1,0,0,QUERY
qingye-11-1,qingye,A:b,3,3,1,3,1,0,0,QUERY
qingye-11-1,qingye,B,3,3,1,3,1,0,0,QUERY
qingye-11-1,qingye,C:a,3,3,1,3,1,0,0,QUERY
qingye-11-1,qingye,C:b,3,3,1,3,1,0,0,QUERY
qingye-11-1,qingye,D,3,3,1,3,1,0,0,QUERY
qingye-11-1,qingye,E:a,3,3,1,3,1,0,0,QUERY
qingye-11-1,qingye,E:b,3,3,1,3,1,0,0,QUERY
qingye-11-1,qingye,F2:a,3,3,1,3,1,0,0,QUERY
qingye-11-1,qingye,F3:a,3,3,1,3,1,0,0,QUERY
qingye-11-1,qingye,F4:a,3,3,1,3,1,0,0,QUERY
qingye-11-1,qingye,F2:b,3,3,1,3,1,0,0,QUERY
qingye-11-1,qingye,F3:b,3,3,1,3,1,0,0,QUERY
qingye-11-1,qingye,F4:b,3,3,1,3,1,0,0,QUERY
qingye-11-2,qingye,A:a,3,3,1,3,1,0,0,QUERY
qingye-11-2,qingye,A:b,3,3,1,3,1,0,0,QUERY
qingye-11-2,qingye,B,3,3,1,3,1,0,0,QUERY
qingye-11-2,qingye,C:a,3,3,1,3,1,0,0,QUERY
qingye-11-2,qingye,C:b,3,3,1,3,1,0,0,QUERY
qingye-11-2,qingye,D,3,3,1,3,1,0,0,QUERY
qingye-11-2,qingye,E:a,3,3,1,3,1,0,0,QUERY
qingye-11-2,qingye,E:b,3,3,1,3,1,0,0,QUERY
qingye-11-2,qingye,F2:a,3,3,1,3,1,0,0,QUERY
qingye-11-2,qingye,F3:a,3,3,1,3,1,0,0,QUERY
qingye-11-2,qingye,F4:a,3,3,1,3,1,0,0,QUERY
qingye-11-2,qingye,F2:b,3,3,1,3,1,0,0,QUERY
qingye-11-2,qingye,F3:b,3,3,1,3,1,0,0,QUERY
qingye-11-2,qingye,F4:b,3,3,1,3,1,0,0,QUERY
library-11-1,library,A:a,3,3,1,3,1,0,0,CONFIRM_SCOPE
library-11-1,library,A:b,3,3,1,3,1,0,0,CONFIRM_SCOPE
library-11-1,library,B,3,3,1,3,1,0,0,CONFIRM_SCOPE
library-11-1,library,C:a,3,3,1,3,1,0,0,CONFIRM_SCOPE
library-11-1,library,C:b,3,3,1,3,1,0,0,CONFIRM_SCOPE
library-11-1,library,D,3,3,1,3,1,0,0,CONFIRM_SCOPE
library-11-1,library,E:a,3,3,1,3,1,0,0,CONFIRM_SCOPE
library-11-1,library,E:b,3,2,1,2,1,0,0,CONFIRM_SCOPE
library-11-1,library,F2:a,3,3,1,3,1,0,0,CONFIRM_SCOPE
library-11-1,library,F3:a,3,3,1,3,1,0,0,CONFIRM_SCOPE
library-11-1,library,F4:a,3,3,1,3,1,0,0,CONFIRM_SCOPE
library-11-1,library,F2:b,3,3,1,3,1,0,0,CONFIRM_SCOPE
library-11-1,library,F3:b,3,3,1,3,1,0,0,CONFIRM_SCOPE
library-11-1,library,F4:b,3,3,1,3,1,0,0,CONFIRM_SCOPE
library-11-2,library,A:a,3,3,1,3,1,0,0,CONFIRM_SCOPE
library-11-2,library,A:b,3,3,1,3,1,0,0,CONFIRM_SCOPE
library-11-2,library,B,3,3,1,3,1,0,0,CONFIRM_SCOPE
library-11-2,library,C:a,3,3,1,3,1,0,0,CONFIRM_SCOPE
library-11-2,library,C:b,3,3,1,3,1,0,0,CONFIRM_SCOPE
library-11-2,library,D,3,3,1,3,1,0,0,CONFIRM_SCOPE
library-11-2,library,E:a,3,3,1,3,1,0,0,CONFIRM_SCOPE
library-11-2,library,E:b,3,3,1,3,1,0,0,CONFIRM_SCOPE
library-11-2,library,F2:a,3,3,1,3,1,0,0,CONFIRM_SCOPE
library-11-2,library,F3:a,3,3,1,3,1,0,0,CONFIRM_SCOPE
library-11-2,library,F4:a,3,3,1,3,1,0,0,CONFIRM_SCOPE
library-11-2,library,F2:b,3,3,1,3,1,0,0,CONFIRM_SCOPE
library-11-2,library,F3:b,3,3,1,3,1,0,0,CONFIRM_SCOPE
library-11-2,library,F4:b,3,3,1,3,1,0,0,CONFIRM_SCOPE
qingye-12-1,qingye,A:a,3,3,1,3,1,0,0,QUERY
qingye-12-1,qingye,A:b,3,3,1,3,1,0,0,QUERY
qingye-12-1,qingye,B,3,3,1,3,1,0,0,QUERY
qingye-12-1,qingye,C:a,3,3,1,3,1,0,0,QUERY
qingye-12-1,qingye,C:b,3,3,1,3,1,0,0,QUERY
qingye-12-1,qingye,D,3,3,1,3,1,0,0,QUERY
qingye-12-1,qingye,E:a,3,3,1,3,1,0,0,QUERY
qingye-12-1,qingye,E:b,3,3,1,3,1,0,0,QUERY
qingye-12-1,qingye,F2:a,3,3,1,3,1,0,0,QUERY
qingye-12-1,qingye,F3:a,3,3,1,3,1,0,0,QUERY
qingye-12-1,qingye,F4:a,3,3,1,3,1,0,0,QUERY
qingye-12-1,qingye,F2:b,3,3,1,3,1,0,0,QUERY
qingye-12-1,qingye,F3:b,3,3,1,3,1,0,0,QUERY
qingye-12-1,qingye,F4:b,3,3,1,3,1,0,0,QUERY
qingye-12-2,qingye,A:a,3,3,1,3,1,0,0,QUERY
qingye-12-2,qingye,A:b,3,3,1,3,1,0,0,QUERY
qingye-12-2,qingye,B,3,3,1,3,1,0,0,QUERY
qingye-12-2,qingye,C:a,3,3,1,3,1,0,0,QUERY
qingye-12-2,qingye,C:b,3,3,1,3,1,0,0,QUERY
qingye-12-2,qingye,D,3,3,1,3,1,0,0,QUERY
qingye-12-2,qingye,E:a,3,3,1,3,1,0,0,QUERY
qingye-12-2,qingye,E:b,3,3,1,3,1,0,0,QUERY
qingye-12-2,qingye,F2:a,3,3,1,3,1,0,0,QUERY
qingye-12-2,qingye,F3:a,3,3,1,3,1,0,0,QUERY
qingye-12-2,qingye,F4:a,3,3,1,3,1,0,0,QUERY
qingye-12-2,qingye,F2:b,3,3,1,3,1,0,0,QUERY
qingye-12-2,qingye,F3:b,3,3,1,3,1,0,0,QUERY
qingye-12-2,qingye,F4:b,3,3,1,3,1,0,0,QUERY
library-12-1,library,A:a,3,3,1,3,1,0,0,QUERY
library-12-1,library,A:b,3,3,1,3,1,0,0,QUERY
library-12-1,library,B,3,3,1,3,1,0,0,QUERY
library-12-1,library,C:a,3,3,1,3,1,0,0,QUERY
library-12-1,library,C:b,3,3,1,3,1,0,0,QUERY
library-12-1,library,D,3,3,1,3,1,0,0,QUERY
library-12-1,library,E:a,3,3,1,3,1,0,0,QUERY
library-12-1,library,E:b,3,3,1,3,1,0,0,QUERY
library-12-1,library,F2:a,3,3,1,3,1,0,0,QUERY
library-12-1,library,F3:a,3,3,1,3,1,0,0,QUERY
library-12-1,library,F4:a,3,3,1,3,1,0,0,QUERY
library-12-1,library,F2:b,3,3,1,3,1,0,0,QUERY
library-12-1,library,F3:b,3,3,1,3,1,0,0,QUERY
library-12-1,library,F4:b,3,3,1,3,1,0,0,QUERY
library-12-2,library,A:a,3,3,1,3,1,0,0,QUERY
library-12-2,library,A:b,3,3,1,3,1,0,0,QUERY
library-12-2,library,B,3,3,1,3,1,0,0,QUERY
library-12-2,library,C:a,3,3,1,3,1,0,0,QUERY
library-12-2,library,C:b,3,3,1,3,1,0,0,QUERY
library-12-2,library,D,3,3,1,3,1,0,0,QUERY
library-12-2,library,E:a,3,3,1,3,1,0,0,QUERY
library-12-2,library,E:b,3,3,1,3,1,0,0,QUERY
library-12-2,library,F2:a,3,3,1,3,1,0,0,QUERY
library-12-2,library,F3:a,3,3,1,3,1,0,0,QUERY
library-12-2,library,F4:a,3,3,1,3,1,0,0,QUERY
library-12-2,library,F2:b,3,3,1,3,1,0,0,QUERY
library-12-2,library,F3:b,3,3,1,3,1,0,0,QUERY
library-12-2,library,F4:b,3,3,1,3,1,0,0,QUERY
