caseId,block,stratum,family,aCorrect,bCorrect,aValid,bValid,structuralAgreement,qualifiedAgreement,sameWrongLabel,sharedOmissionProxy,aSignature,bSignature
qingye-R2-01-2,qingye-R2-01-2-r0,prospective_executor_labels,current_scope,True,True,True,True,True,True,False,False,MATCH,MATCH
library-DuSQL-qid001404,library-DuSQL-qid001404-r1,external_verbatim_capability_boundary,external_unsupported_sql,False,False,True,True,False,False,False,False,ACTION:CLARIFY->REJECT,ACTION:CLARIFY->QUERY
qingye-R2-02-2,qingye-R2-02-2-r3,prospective_executor_labels,exclusion,True,True,True,True,True,True,False,False,MATCH,MATCH
qingye-R2-04-2,qingye-R2-04-2-r0,prospective_executor_labels,field_list,True,True,True,True,True,True,False,False,MATCH,MATCH
library-R2-05-2,library-R2-05-2-r0,prospective_executor_labels,retained_actions,True,False,True,True,False,False,False,False,MATCH,ACTION:CLARIFY->QUERY
qingye-R2-02-2,qingye-R2-02-2-r2,prospective_executor_labels,exclusion,True,True,True,True,True,True,False,False,MATCH,MATCH
library-DuSQL-qid000757,library-DuSQL-qid000757-r1,external_verbatim_capability_boundary,external_unsupported_sql,False,False,True,True,False,False,False,False,ACTION:CLARIFY->REJECT,ACTION:CLARIFY->QUERY
library-DuSQL-qid000460,library-DuSQL-qid000460-r1,external_verbatim_capability_boundary,external_unsupported_sql,False,False,True,True,False,False,False,False,ACTION:CLARIFY->REJECT,ACTION:CLARIFY->QUERY
library-R2-04-1,library-R2-04-1-r2,prospective_executor_labels,field_list,True,False,True,True,False,False,False,False,MATCH,FIELDS:intent
qingye-R2-01-2,qingye-R2-01-2-r3,prospective_executor_labels,current_scope,True,True,True,True,True,True,False,False,MATCH,MATCH
library-R2-04-2,library-R2-04-2-r2,prospective_executor_labels,field_list,True,True,True,True,True,True,False,False,MATCH,MATCH
library-R2-05-2,library-R2-05-2-r3,prospective_executor_labels,retained_actions,True,False,True,True,False,False,False,False,MATCH,ACTION:CLARIFY->QUERY
qingye-R2-02-2,qingye-R2-02-2-r1,prospective_executor_labels,exclusion,True,True,True,True,True,True,False,False,MATCH,MATCH
qingye-R2-05-2,qingye-R2-05-2-r0,prospective_executor_labels,retained_actions,True,False,True,True,False,False,False,False,MATCH,ACTION:CLARIFY->QUERY
qingye-R2-03-1,qingye-R2-03-1-r1,prospective_executor_labels,quotation,True,True,True,True,True,True,False,False,MATCH,MATCH
qingye-R2-01-1,qingye-R2-01-1-r1,prospective_executor_labels,current_scope,True,True,True,True,True,True,False,False,MATCH,MATCH
library-R2-06-1,library-R2-06-1-r2,prospective_executor_labels,private_constraints,True,True,True,True,True,True,False,False,MATCH,MATCH
library-DuSQL-qid000228,library-DuSQL-qid000228-r1,external_verbatim_capability_boundary,external_unsupported_sql,False,False,True,True,True,False,True,False,ACTION:CLARIFY->REJECT,ACTION:CLARIFY->REJECT
library-R2-03-2,library-R2-03-2-r3,prospective_executor_labels,quotation,True,True,True,True,True,True,False,False,MATCH,MATCH
library-R2-02-1,library-R2-02-1-r0,prospective_executor_labels,exclusion,True,True,True,True,True,True,False,False,MATCH,MATCH
library-DuSQL-qid000757,library-DuSQL-qid000757-r3,external_verbatim_capability_boundary,external_unsupported_sql,False,False,True,True,False,False,False,False,ACTION:CLARIFY->REJECT,ACTION:CLARIFY->QUERY
library-DuSQL-qid000460,library-DuSQL-qid000460-r2,external_verbatim_capability_boundary,external_unsupported_sql,False,False,True,True,False,False,False,False,ACTION:CLARIFY->REJECT,ACTION:CLARIFY->QUERY
library-DuSQL-qid000460,library-DuSQL-qid000460-r0,external_verbatim_capability_boundary,external_unsupported_sql,False,False,True,True,False,False,False,False,ACTION:CLARIFY->REJECT,ACTION:CLARIFY->QUERY
library-DuSQL-qid001332,library-DuSQL-qid001332-r1,external_verbatim_capability_boundary,external_unsupported_sql,False,False,True,True,False,False,False,False,ACTION:CLARIFY->REJECT,ACTION:CLARIFY->QUERY
qingye-R2-06-2,qingye-R2-06-2-r3,prospective_executor_labels,private_constraints,True,True,True,True,True,True,False,False,MATCH,MATCH
library-R2-02-2,library-R2-02-2-r1,prospective_executor_labels,exclusion,True,True,True,True,True,True,False,False,MATCH,MATCH
library-R2-04-2,library-R2-04-2-r3,prospective_executor_labels,field_list,True,True,True,True,True,True,False,False,MATCH,MATCH
library-R2-01-1,library-R2-01-1-r1,prospective_executor_labels,current_scope,True,True,True,True,True,True,False,False,MATCH,MATCH
qingye-R2-05-1,qingye-R2-05-1-r3,prospective_executor_labels,retained_actions,True,False,True,True,False,False,False,False,MATCH,ACTION:CLARIFY->QUERY
library-R2-02-1,library-R2-02-1-r2,prospective_executor_labels,exclusion,True,True,True,True,True,True,False,False,MATCH,MATCH
library-R2-06-1,library-R2-06-1-r1,prospective_executor_labels,private_constraints,True,True,True,True,True,True,False,False,MATCH,MATCH
qingye-R2-01-1,qingye-R2-01-1-r0,prospective_executor_labels,current_scope,True,True,True,True,True,True,False,False,MATCH,MATCH
qingye-R2-02-1,qingye-R2-02-1-r1,prospective_executor_labels,exclusion,True,True,True,True,True,True,False,False,MATCH,MATCH
library-R2-03-1,library-R2-03-1-r3,prospective_executor_labels,quotation,True,True,True,True,True,True,False,False,MATCH,MATCH
library-DuSQL-qid002464,library-DuSQL-qid002464-r2,external_verbatim_capability_boundary,external_unsupported_sql,False,False,True,True,True,True,True,False,ACTION:CLARIFY->REJECT,ACTION:CLARIFY->REJECT
library-DuSQL-qid000728,library-DuSQL-qid000728-r0,external_verbatim_capability_boundary,external_unsupported_sql,False,False,True,True,False,False,True,False,ACTION:CLARIFY->REJECT,ACTION:CLARIFY->REJECT
qingye-R2-06-1,qingye-R2-06-1-r0,prospective_executor_labels,private_constraints,True,True,True,True,False,False,False,False,MATCH,MATCH
library-DuSQL-qid000228,library-DuSQL-qid000228-r0,external_verbatim_capability_boundary,external_unsupported_sql,False,False,True,True,True,False,True,False,ACTION:CLARIFY->REJECT,ACTION:CLARIFY->REJECT
library-DuSQL-qid000228,library-DuSQL-qid000228-r2,external_verbatim_capability_boundary,external_unsupported_sql,False,False,True,False,False,False,False,False,ACTION:CLARIFY->REJECT,PROTOCOL_OR_TRANSPORT
library-DuSQL-qid001628,library-DuSQL-qid001628-r0,external_verbatim_capability_boundary,external_unsupported_sql,False,False,True,False,False,False,False,False,ACTION:CLARIFY->REJECT,PROTOCOL_OR_TRANSPORT
qingye-R2-01-2,qingye-R2-01-2-r2,prospective_executor_labels,current_scope,True,True,True,True,True,True,False,False,MATCH,MATCH
library-DuSQL-qid000728,library-DuSQL-qid000728-r2,external_verbatim_capability_boundary,external_unsupported_sql,False,False,True,True,False,False,True,False,ACTION:CLARIFY->REJECT,ACTION:CLARIFY->REJECT
qingye-R2-05-1,qingye-R2-05-1-r2,prospective_executor_labels,retained_actions,True,False,True,True,False,False,False,False,MATCH,ACTION:CLARIFY->QUERY
library-R2-02-1,library-R2-02-1-r1,prospective_executor_labels,exclusion,True,True,True,True,True,True,False,False,MATCH,MATCH
library-DuSQL-qid000228,library-DuSQL-qid000228-r3,external_verbatim_capability_boundary,external_unsupported_sql,False,False,True,False,False,False,False,False,ACTION:CLARIFY->REJECT,PROTOCOL_OR_TRANSPORT
qingye-R2-05-1,qingye-R2-05-1-r1,prospective_executor_labels,retained_actions,True,False,True,True,False,False,False,False,MATCH,ACTION:CLARIFY->QUERY
library-R2-04-1,library-R2-04-1-r0,prospective_executor_labels,field_list,True,False,True,True,False,False,False,False,MATCH,FIELDS:intent
library-R2-06-1,library-R2-06-1-r0,prospective_executor_labels,private_constraints,True,True,True,True,True,True,False,False,MATCH,MATCH
qingye-R2-05-2,qingye-R2-05-2-r2,prospective_executor_labels,retained_actions,True,False,True,True,False,False,False,False,MATCH,ACTION:CLARIFY->QUERY
library-R2-02-2,library-R2-02-2-r2,prospective_executor_labels,exclusion,True,True,True,True,True,True,False,False,MATCH,MATCH
library-R2-01-1,library-R2-01-1-r3,prospective_executor_labels,current_scope,True,True,True,True,True,True,False,False,MATCH,MATCH
library-R2-05-1,library-R2-05-1-r2,prospective_executor_labels,retained_actions,True,False,True,True,False,False,False,False,MATCH,ACTION:CLARIFY->QUERY
qingye-R2-04-1,qingye-R2-04-1-r0,prospective_executor_labels,field_list,True,True,True,True,True,True,False,False,MATCH,MATCH
library-DuSQL-qid002464,library-DuSQL-qid002464-r0,external_verbatim_capability_boundary,external_unsupported_sql,False,False,True,False,False,False,False,False,ACTION:CLARIFY->REJECT,PROTOCOL_OR_TRANSPORT
qingye-R2-04-2,qingye-R2-04-2-r1,prospective_executor_labels,field_list,True,True,True,True,True,True,False,False,MATCH,MATCH
library-R2-03-2,library-R2-03-2-r0,prospective_executor_labels,quotation,True,True,True,True,True,True,False,False,MATCH,MATCH
qingye-R2-06-1,qingye-R2-06-1-r3,prospective_executor_labels,private_constraints,True,True,True,True,False,False,False,False,MATCH,MATCH
qingye-R2-06-1,qingye-R2-06-1-r1,prospective_executor_labels,private_constraints,True,False,True,True,False,False,False,False,MATCH,ACTION:CLARIFY->QUERY
qingye-R2-04-2,qingye-R2-04-2-r3,prospective_executor_labels,field_list,True,True,True,True,True,True,False,False,MATCH,MATCH
qingye-R2-02-1,qingye-R2-02-1-r2,prospective_executor_labels,exclusion,True,True,True,True,True,True,False,False,MATCH,MATCH
library-R2-02-1,library-R2-02-1-r3,prospective_executor_labels,exclusion,True,True,True,True,True,True,False,False,MATCH,MATCH
library-R2-01-2,library-R2-01-2-r3,prospective_executor_labels,current_scope,True,True,True,True,True,True,False,False,MATCH,MATCH
library-R2-04-2,library-R2-04-2-r0,prospective_executor_labels,field_list,True,True,True,True,True,True,False,False,MATCH,MATCH
library-R2-01-1,library-R2-01-1-r0,prospective_executor_labels,current_scope,True,True,True,True,True,True,False,False,MATCH,MATCH
library-R2-04-1,library-R2-04-1-r1,prospective_executor_labels,field_list,True,False,True,True,False,False,False,False,MATCH,FIELDS:intent
qingye-R2-03-2,qingye-R2-03-2-r2,prospective_executor_labels,quotation,True,True,True,True,True,True,False,False,MATCH,MATCH
qingye-R2-03-1,qingye-R2-03-1-r3,prospective_executor_labels,quotation,True,True,True,True,True,True,False,False,MATCH,MATCH
library-R2-03-1,library-R2-03-1-r0,prospective_executor_labels,quotation,True,True,True,True,True,True,False,False,MATCH,MATCH
library-DuSQL-qid001404,library-DuSQL-qid001404-r2,external_verbatim_capability_boundary,external_unsupported_sql,False,False,True,True,False,False,False,False,ACTION:CLARIFY->REJECT,ACTION:CLARIFY->QUERY
library-DuSQL-qid001628,library-DuSQL-qid001628-r2,external_verbatim_capability_boundary,external_unsupported_sql,False,False,True,True,True,False,True,False,ACTION:CLARIFY->REJECT,ACTION:CLARIFY->REJECT
qingye-R2-03-2,qingye-R2-03-2-r1,prospective_executor_labels,quotation,True,True,True,True,True,True,False,False,MATCH,MATCH
library-DuSQL-qid002464,library-DuSQL-qid002464-r3,external_verbatim_capability_boundary,external_unsupported_sql,False,False,True,True,True,True,True,False,ACTION:CLARIFY->REJECT,ACTION:CLARIFY->REJECT
qingye-R2-06-2,qingye-R2-06-2-r1,prospective_executor_labels,private_constraints,True,True,True,True,True,True,False,False,MATCH,MATCH
qingye-R2-01-1,qingye-R2-01-1-r3,prospective_executor_labels,current_scope,True,True,True,True,True,True,False,False,MATCH,MATCH
library-R2-02-2,library-R2-02-2-r0,prospective_executor_labels,exclusion,True,True,True,True,True,True,False,False,MATCH,MATCH
qingye-R2-05-1,qingye-R2-05-1-r0,prospective_executor_labels,retained_actions,True,False,True,True,False,False,False,False,MATCH,ACTION:CLARIFY->QUERY
qingye-R2-03-1,qingye-R2-03-1-r2,prospective_executor_labels,quotation,True,True,True,True,True,True,False,False,MATCH,MATCH
qingye-R2-03-2,qingye-R2-03-2-r0,prospective_executor_labels,quotation,True,True,True,True,True,True,False,False,MATCH,MATCH
library-DuSQL-qid001332,library-DuSQL-qid001332-r2,external_verbatim_capability_boundary,external_unsupported_sql,False,False,True,True,False,False,False,False,ACTION:CLARIFY->REJECT,ACTION:CLARIFY->QUERY
library-R2-03-1,library-R2-03-1-r1,prospective_executor_labels,quotation,True,True,True,True,True,True,False,False,MATCH,MATCH
library-R2-06-2,library-R2-06-2-r2,prospective_executor_labels,private_constraints,True,False,True,True,False,False,False,False,MATCH,ACTION:CLARIFY->QUERY
qingye-R2-04-1,qingye-R2-04-1-r3,prospective_executor_labels,field_list,True,True,True,True,True,True,False,False,MATCH,MATCH
qingye-R2-06-2,qingye-R2-06-2-r0,prospective_executor_labels,private_constraints,True,False,True,True,False,False,False,False,MATCH,ACTION:CLARIFY->QUERY
qingye-R2-04-1,qingye-R2-04-1-r2,prospective_executor_labels,field_list,True,True,True,True,True,True,False,False,MATCH,MATCH
library-DuSQL-qid001332,library-DuSQL-qid001332-r0,external_verbatim_capability_boundary,external_unsupported_sql,False,False,True,True,False,False,False,False,ACTION:CLARIFY->REJECT,ACTION:CLARIFY->QUERY
library-R2-01-2,library-R2-01-2-r1,prospective_executor_labels,current_scope,True,True,True,True,True,True,False,False,MATCH,MATCH
library-R2-06-2,library-R2-06-2-r0,prospective_executor_labels,private_constraints,True,False,True,True,False,False,False,False,MATCH,ACTION:CLARIFY->QUERY
qingye-R2-02-1,qingye-R2-02-1-r3,prospective_executor_labels,exclusion,True,True,True,True,True,True,False,False,MATCH,MATCH
library-DuSQL-qid002464,library-DuSQL-qid002464-r1,external_verbatim_capability_boundary,external_unsupported_sql,False,False,True,True,True,True,True,False,ACTION:CLARIFY->REJECT,ACTION:CLARIFY->REJECT
library-R2-04-1,library-R2-04-1-r3,prospective_executor_labels,field_list,True,False,True,True,False,False,False,False,MATCH,FIELDS:intent
qingye-R2-06-1,qingye-R2-06-1-r2,prospective_executor_labels,private_constraints,True,True,True,True,False,False,False,False,MATCH,MATCH
library-DuSQL-qid001332,library-DuSQL-qid001332-r3,external_verbatim_capability_boundary,external_unsupported_sql,False,False,True,True,False,False,False,False,ACTION:CLARIFY->REJECT,ACTION:CLARIFY->QUERY
library-DuSQL-qid001404,library-DuSQL-qid001404-r3,external_verbatim_capability_boundary,external_unsupported_sql,False,False,True,True,False,False,False,False,ACTION:CLARIFY->REJECT,ACTION:CLARIFY->QUERY
qingye-R2-01-1,qingye-R2-01-1-r2,prospective_executor_labels,current_scope,True,True,True,True,True,True,False,False,MATCH,MATCH
library-R2-05-1,library-R2-05-1-r3,prospective_executor_labels,retained_actions,True,False,True,True,False,False,False,False,MATCH,ACTION:CLARIFY->QUERY
library-R2-01-2,library-R2-01-2-r2,prospective_executor_labels,current_scope,True,True,True,True,True,True,False,False,MATCH,MATCH
library-R2-02-2,library-R2-02-2-r3,prospective_executor_labels,exclusion,True,True,True,True,True,True,False,False,MATCH,MATCH
library-R2-05-2,library-R2-05-2-r1,prospective_executor_labels,retained_actions,True,False,True,True,False,False,False,False,MATCH,ACTION:CLARIFY->QUERY
library-DuSQL-qid001404,library-DuSQL-qid001404-r0,external_verbatim_capability_boundary,external_unsupported_sql,False,False,True,True,False,False,False,False,ACTION:CLARIFY->REJECT,ACTION:CLARIFY->QUERY
library-R2-05-2,library-R2-05-2-r2,prospective_executor_labels,retained_actions,True,False,True,True,False,False,False,False,MATCH,ACTION:CLARIFY->QUERY
qingye-R2-03-2,qingye-R2-03-2-r3,prospective_executor_labels,quotation,True,True,True,True,True,True,False,False,MATCH,MATCH
library-R2-03-2,library-R2-03-2-r2,prospective_executor_labels,quotation,True,True,True,True,True,True,False,False,MATCH,MATCH
qingye-R2-01-2,qingye-R2-01-2-r1,prospective_executor_labels,current_scope,True,True,True,True,True,True,False,False,MATCH,MATCH
library-R2-06-2,library-R2-06-2-r3,prospective_executor_labels,private_constraints,True,False,True,True,False,False,False,False,MATCH,ACTION:CLARIFY->QUERY
library-R2-03-1,library-R2-03-1-r2,prospective_executor_labels,quotation,True,True,True,True,True,True,False,False,MATCH,MATCH
qingye-R2-04-2,qingye-R2-04-2-r2,prospective_executor_labels,field_list,True,True,True,True,True,True,False,False,MATCH,MATCH
qingye-R2-04-1,qingye-R2-04-1-r1,prospective_executor_labels,field_list,True,True,True,True,True,True,False,False,MATCH,MATCH
library-R2-01-1,library-R2-01-1-r2,prospective_executor_labels,current_scope,True,True,True,True,True,True,False,False,MATCH,MATCH
qingye-R2-05-2,qingye-R2-05-2-r3,prospective_executor_labels,retained_actions,True,False,True,True,False,False,False,False,MATCH,ACTION:CLARIFY->QUERY
library-R2-06-1,library-R2-06-1-r3,prospective_executor_labels,private_constraints,True,True,True,True,True,True,False,False,MATCH,MATCH
library-R2-04-2,library-R2-04-2-r1,prospective_executor_labels,field_list,True,True,True,True,True,True,False,False,MATCH,MATCH
library-DuSQL-qid000460,library-DuSQL-qid000460-r3,external_verbatim_capability_boundary,external_unsupported_sql,False,False,True,True,False,False,False,False,ACTION:CLARIFY->REJECT,ACTION:CLARIFY->QUERY
library-DuSQL-qid000728,library-DuSQL-qid000728-r1,external_verbatim_capability_boundary,external_unsupported_sql,False,False,True,True,False,False,True,False,ACTION:CLARIFY->REJECT,ACTION:CLARIFY->REJECT
library-DuSQL-qid000757,library-DuSQL-qid000757-r0,external_verbatim_capability_boundary,external_unsupported_sql,False,False,True,True,False,False,False,False,ACTION:CLARIFY->REJECT,ACTION:CLARIFY->QUERY
qingye-R2-03-1,qingye-R2-03-1-r0,prospective_executor_labels,quotation,True,True,True,True,True,True,False,False,MATCH,MATCH
qingye-R2-06-2,qingye-R2-06-2-r2,prospective_executor_labels,private_constraints,True,True,True,True,True,True,False,False,MATCH,MATCH
library-R2-03-2,library-R2-03-2-r1,prospective_executor_labels,quotation,True,True,True,True,True,True,False,False,MATCH,MATCH
library-DuSQL-qid001628,library-DuSQL-qid001628-r3,external_verbatim_capability_boundary,external_unsupported_sql,False,False,True,True,True,False,True,False,ACTION:CLARIFY->REJECT,ACTION:CLARIFY->REJECT
qingye-R2-05-2,qingye-R2-05-2-r1,prospective_executor_labels,retained_actions,True,False,True,True,False,False,False,False,MATCH,ACTION:CLARIFY->QUERY
library-DuSQL-qid000728,library-DuSQL-qid000728-r3,external_verbatim_capability_boundary,external_unsupported_sql,False,False,True,True,False,False,True,False,ACTION:CLARIFY->REJECT,ACTION:CLARIFY->REJECT
library-R2-05-1,library-R2-05-1-r1,prospective_executor_labels,retained_actions,True,False,True,True,False,False,False,False,MATCH,ACTION:CLARIFY->QUERY
library-R2-05-1,library-R2-05-1-r0,prospective_executor_labels,retained_actions,True,False,True,True,False,False,False,False,MATCH,ACTION:CLARIFY->QUERY
library-R2-06-2,library-R2-06-2-r1,prospective_executor_labels,private_constraints,True,False,True,True,False,False,False,False,MATCH,ACTION:CLARIFY->QUERY
library-R2-01-2,library-R2-01-2-r0,prospective_executor_labels,current_scope,True,True,True,True,True,True,False,False,MATCH,MATCH
library-DuSQL-qid000757,library-DuSQL-qid000757-r2,external_verbatim_capability_boundary,external_unsupported_sql,False,False,True,True,False,False,False,False,ACTION:CLARIFY->REJECT,ACTION:CLARIFY->QUERY
qingye-R2-02-1,qingye-R2-02-1-r0,prospective_executor_labels,exclusion,True,True,True,True,True,True,False,False,MATCH,MATCH
library-DuSQL-qid001628,library-DuSQL-qid001628-r1,external_verbatim_capability_boundary,external_unsupported_sql,False,False,True,False,False,False,False,False,ACTION:CLARIFY->REJECT,PROTOCOL_OR_TRANSPORT
qingye-R2-02-2,qingye-R2-02-2-r0,prospective_executor_labels,exclusion,True,True,True,True,True,True,False,False,MATCH,MATCH
