stratum,group,n,expectedQueries,handlingCorrect,semanticPlanCorrect,correctQueryOrScope,correctPublic,pendingScope,wrongAutomatic,abstentions,meanLogicalCost,medianLogicalSerialMs
prospective_executor_labels,A:a,96,68,95,95,67,63,4,0,0,0.0019964,719.0
prospective_executor_labels,A:b,96,68,68,68,64,60,5,12,0,0.0007303083333333334,1461.0
prospective_executor_labels,B,96,68,91,67,63,59,4,0,29,0.002727587368421053,2312.0
prospective_executor_labels,C:a,96,68,91,63,63,59,4,0,33,0.003601381052631579,3406.5
prospective_executor_labels,C:b,96,68,91,67,63,59,4,0,29,0.005063797894736842,2984.0
prospective_executor_labels,D,96,68,91,63,63,59,4,0,33,0.005937591578947368,4063.5
prospective_executor_labels,E:a,96,68,95,95,67,63,4,0,1,0.0043635578947368425,1484.5
prospective_executor_labels,E:b,96,68,91,64,64,60,5,4,27,0.0016018500000000001,2594.0
prospective_executor_labels,F2:a,96,68,95,95,67,63,4,0,1,0.0039928,1453.0
prospective_executor_labels,F3:a,96,68,95,95,67,63,4,0,1,0.0059892,2148.0
prospective_executor_labels,F4:a,96,68,95,95,67,63,4,0,1,0.0079856,2875.0
prospective_executor_labels,F2:b,96,68,85,64,64,60,4,11,21,0.0014618250000000001,2882.5
prospective_executor_labels,F3:b,96,68,84,66,64,60,4,12,18,0.0021922166666666666,4273.5
prospective_executor_labels,F4:b,96,68,84,66,64,60,4,12,18,0.0029229208333333336,5663.5
external_verbatim_capability_boundary,A:a,32,0,0,0,0,0,0,0,0,0.00219625,773.5
external_verbatim_capability_boundary,A:b,32,0,0,0,0,0,0,0,0,0.0008116125,1804.5
external_verbatim_capability_boundary,B,32,0,12,0,0,0,0,0,12,0.0030078625,2664.5
external_verbatim_capability_boundary,C:a,32,0,12,0,0,0,0,0,12,0.003932125,3695.5
external_verbatim_capability_boundary,C:b,32,0,12,0,0,0,0,0,12,0.0054724875,3437.0
external_verbatim_capability_boundary,D,32,0,12,0,0,0,0,0,12,0.00639675,4444.5
external_verbatim_capability_boundary,E:a,32,0,5,0,0,0,0,0,5,0.004612,1554.0
external_verbatim_capability_boundary,E:b,32,0,12,0,0,0,0,0,12,0.0017470125,2977.0
external_verbatim_capability_boundary,F2:a,32,0,0,0,0,0,0,0,0,0.0043925,1687.0
external_verbatim_capability_boundary,F3:a,32,0,0,0,0,0,0,0,0,0.00658875,2499.5
external_verbatim_capability_boundary,F4:a,32,0,0,0,0,0,0,0,0,0.008785,3234.0
external_verbatim_capability_boundary,F2:b,32,0,12,0,0,0,0,0,12,0.0016217875000000001,3594.0
external_verbatim_capability_boundary,F3:b,32,0,11,0,0,0,0,0,11,0.0024337125,5413.0
external_verbatim_capability_boundary,F4:b,32,0,11,0,0,0,0,0,11,0.0032448250000000002,7250.0
